1900Rugrat	"One Take Freestyle"	"One Take Freestyle"	"1900Rugrat/One Take Freestyle (2024)/1900Rugrat - One Take Freestyle - 01 - One Take Freestyle.flac"
"2-Pac & 2Pac"	"Trapped / the Lunatic (Promo) (Promo)"	"The Lunatic (LP Version)"	"2Pac/Trapped + The Lunatic (1991)/2Pac - Trapped + The Lunatic - 03 - The Lunatic (LP version).flac"
"21 Savage"	"Her Loss"	"3AM on Glenwood"	"Drake/Her Loss/Drake_Her Loss_15_3AM on Glenwood.flac"
"21 Savage"	"SAVAGE MODE II"	Runnin	"21 Savage/SAVAGE MODE II (2020)/21 Savage - SAVAGE MODE II - 02 - Runnin.flac"
"21 Savage"	"SAVAGE MODE II"	"Glock in My Lap"	"21 Savage/SAVAGE MODE II (2020)/21 Savage - SAVAGE MODE II - 03 - Glock in My Lap.flac"
"21 Savage"	"SAVAGE MODE II"	"Mr. Right Now"	"21 Savage/SAVAGE MODE II (2020)/21 Savage - SAVAGE MODE II - 04 - Mr. Right Now.flac"
"21 Savage"	"SAVAGE MODE II"	"Rich Nigga Shit"	"21 Savage/SAVAGE MODE II (2020)/21 Savage - SAVAGE MODE II - 05 - Rich Nigga Shit.flac"
"21 Savage"	"SAVAGE MODE II"	"Many Men"	"21 Savage/SAVAGE MODE II (2020)/21 Savage - SAVAGE MODE II - 07 - Many Men.flac"
"21 Savage"	"SAVAGE MODE II"	"Snitches & Rats"	"21 Savage/SAVAGE MODE II/21 Savage_SAVAGE MODE II_09_Snitches & Rats.flac"
"21 Savage"	"SAVAGE MODE II"	"Said n Done"	"21 Savage/SAVAGE MODE II/21 Savage_SAVAGE MODE II_15_Said n Done.flac"
"21 Savage"	"Spiral: From the Book of Saw Soundtrack"	Emergency	"21 Savage/Spiral - From the Book of Saw Soundtrack/21 Savage_Spiral - From the Book of Saw Soundtrack_04_Emergency.flac"
"21 Savage"	"Without Warning"	"Ghostface Killers"	"21 Savage/Without Warning/21 Savage_Without Warning_01_Ghostface Killers.flac"
"21 Savage"	"american dream"	"all of me"	"21 Savage/american dream/21 Savage_american dream_02_all of me.flac"
"21 Savage"	"american dream"	redrum	"21 Savage/american dream/21 Savage_american dream_03_redrum.flac"
"21 Savage"	"american dream"	"née‐nah"	"21 Savage/american dream/21 Savage_american dream_09_née‐nah.flac"
"21 Savage"	"i am > i was"	"a lot"	"21 Savage/i am i was/21 Savage_i am i was_01_a lot.flac"
"21 Savage"	"i am > i was"	"out for the night"	"21 Savage/i am i was/21 Savage_i am i was_04_out for the night.flac"
"21 Savage"	"i am > i was"	"all my friends"	"21 Savage/i am i was/21 Savage_i am i was_07_all my friends.flac"
"21 Savage"	"i am > i was"	"can't leave without it"	"21 Savage/i am i was/21 Savage_i am i was_08_can't leave without it.flac"
"21 Savage"	"i am > i was"	asmr	"21 Savage/i am i was/21 Savage_i am i was_09_asmr.flac"
"21 Savage"	"i am > i was"	"ball w/o you"	"21 Savage/i am i was/21 Savage_i am i was_10_ball w+o you.flac"
"21 Savage"	"i am > i was"	"pad lock"	"21 Savage/i am i was/21 Savage_i am i was_12_pad lock.flac"
"21 Savage"	"i am > i was"	4L	"21 Savage/i am i was/21 Savage_i am i was_15_4L.flac"
2Pac	"All Eyez on Me"	"Can’t C Me"	"2Pac/All Eyez on Me (1996)/Digital Media 02/2Pac - All Eyez on Me - 01 - Can’t C Me.flac"
2Pac	"Live My Life"	"How Do You Want It"	"2Pac/Live My Life/2Pac_Live My Life_12_How Do You Want It.m4a"
2Pac	"More + Best Works On Death Row"	"Dear Mama"	"2Pac/More + Best Works On Death Row (2003)/2Pac - More + Best Works On Death Row - 06 - Dear Mama.flac"
2Pac	Temptations	"Temptations (Instrumental)"	"2Pac/Temptations (1995)/2Pac - Temptations - 04 - Temptations (instrumental).flac"
"50 Cent"	"Get Rich or Die Tryin’ / The Massacre"	Heat	"50 Cent/Get Rich or Die Tryin’ + The Massacre/50 Cent_Get Rich or Die Tryin’ + The Massacre_01-07_Heat.flac"
"50 Cent"	"Get Well Soon…"	"Guess Who’s Back? (freestyle)"	"Ye/Get Well Soon…/Ye_Get Well Soon…_03_Guess Who’s Back! (freestyle).flac"
"A Boogie Wit Da Hoodie"	"The Bigger Artist"	"Drowning (feat. Kodak Black)"	"A Boogie Wit da Hoodie/The Bigger Artist (2017)/A Boogie Wit da Hoodie - The Bigger Artist - 03 - Drowning.flac"
"A Tribe Called Quest"	"Beats, Rhymes and Life"	"Stressed Out"	"A Tribe Called Quest/Beats, Rhymes and Life/A Tribe Called Quest_Beats, Rhymes and Life_15_Stressed Out.flac"
"A Tribe Called Quest"	"Find a Way"	"Pad & Pen"	"A Tribe Called Quest/Find a Way (1998)/A Tribe Called Quest - Find a Way - 02 - Pad & Pen.flac"
"A Tribe Called Quest"	"Midnight Marauders"	"Steve Biko (Stir It Up)"	"A Tribe Called Quest/Midnight Marauders/A Tribe Called Quest_Midnight Marauders_02_Steve Biko (Stir It Up).flac"
"A Tribe Called Quest"	"Midnight Marauders"	"Award Tour"	"A Tribe Called Quest/Midnight Marauders/A Tribe Called Quest_Midnight Marauders_03_Award Tour.flac"
"A Tribe Called Quest"	"Midnight Marauders"	"8 Million Stories"	"A Tribe Called Quest/Midnight Marauders/A Tribe Called Quest_Midnight Marauders_04_8 Million Stories.flac"
"A Tribe Called Quest"	"Midnight Marauders"	Midnight	"A Tribe Called Quest/Midnight Marauders/A Tribe Called Quest_Midnight Marauders_06_Midnight.flac"
"A Tribe Called Quest"	"Midnight Marauders"	"Electric Relaxation"	"A Tribe Called Quest/Midnight Marauders/A Tribe Called Quest_Midnight Marauders_08_Electric Relaxation.flac"
"A Tribe Called Quest"	"Midnight Marauders"	"God Lives Through"	"A Tribe Called Quest/Midnight Marauders/A Tribe Called Quest_Midnight Marauders_14_God Lives Through.flac"
"A Tribe Called Quest"	"The Low End Theory"	Excursions	"A Tribe Called Quest/The Low End Theory/A Tribe Called Quest_The Low End Theory_01_Excursions.flac"
"A Tribe Called Quest"	"The Low End Theory"	"Buggin’ Out"	"A Tribe Called Quest/The Low End Theory/A Tribe Called Quest_The Low End Theory_02_Buggin’ Out.flac"
"A Tribe Called Quest"	"The Low End Theory"	"Rap Promoter"	"A Tribe Called Quest/The Low End Theory/A Tribe Called Quest_The Low End Theory_03_Rap Promoter.flac"
"A Tribe Called Quest"	"The Low End Theory"	Butter	"A Tribe Called Quest/The Low End Theory/A Tribe Called Quest_The Low End Theory_04_Butter.flac"
"A Tribe Called Quest"	"The Low End Theory"	"The Infamous Date Rape"	"A Tribe Called Quest/The Low End Theory/A Tribe Called Quest_The Low End Theory_08_The Infamous Date Rape.flac"
"A Tribe Called Quest"	"The Low End Theory"	"Check the Rhime"	"A Tribe Called Quest/The Low End Theory/A Tribe Called Quest_The Low End Theory_09_Check the Rhime.flac"
"A Tribe Called Quest"	"The Low End Theory"	"Jazz (We’ve Got)"	"A Tribe Called Quest/The Low End Theory/A Tribe Called Quest_The Low End Theory_11_Jazz (We’ve Got).flac"
"A Tribe Called Quest"	"The Low End Theory"	What?	"A Tribe Called Quest/The Low End Theory/A Tribe Called Quest_The Low End Theory_13_What.flac"
"A Tribe Called Quest"	"The Low End Theory"	Scenario	"A Tribe Called Quest/The Low End Theory/A Tribe Called Quest_The Low End Theory_14_Scenario.flac"
"A Tribe Called Quest"	"We got it from Here… Thank You 4 Your service"	"Conrad Tokyo"	"A Tribe Called Quest/We Got It From Here… Thank You 4 Your Service/A Tribe Called Quest_We Got It From Here… Thank You 4 Your Service_14_Conrad Tokyo.flac"
"A Tribe Called Quest featuring Faith Evans"	"The Anthology"	"Stressed Out"	"A Tribe Called Quest/The Anthology (1999)/CD 01/A Tribe Called Quest - The Anthology - 13 - Stressed Out.flac"
"A$AP Rocky"	AT.LONG.LAST.A$AP	"Holy Ghost"	"A$AP Rocky/AT.LONG.LAST.A$AP (2015)/A$AP Rocky - AT.LONG.LAST.A$AP - 01 - Holy Ghost.flac"
"A$AP Rocky"	AT.LONG.LAST.A$AP	"Canal St."	"A$AP Rocky/AT.LONG.LAST.A$AP (2015)/A$AP Rocky - AT.LONG.LAST.A$AP - 02 - Canal St.flac"
"A$AP Rocky"	AT.LONG.LAST.A$AP	"Fine Whine"	"A$AP Rocky/AT.LONG.LAST.A$AP (2015)/A$AP Rocky - AT.LONG.LAST.A$AP - 03 - Fine Whine.flac"
"A$AP Rocky"	AT.LONG.LAST.A$AP	L$D	"A$AP Rocky/AT.LONG.LAST.A$AP (2015)/A$AP Rocky - AT.LONG.LAST.A$AP - 04 - L$D.flac"
"A$AP Rocky"	AT.LONG.LAST.A$AP	"Excuse Me"	"A$AP Rocky/AT.LONG.LAST.A$AP (2015)/A$AP Rocky - AT.LONG.LAST.A$AP - 05 - Excuse Me.flac"
"A$AP Rocky"	AT.LONG.LAST.A$AP	JD	"A$AP Rocky/AT.LONG.LAST.A$AP (2015)/A$AP Rocky - AT.LONG.LAST.A$AP - 06 - JD.flac"
"A$AP Rocky"	AT.LONG.LAST.A$AP	"Lord Pretty Flacko Jodye 2 (LPFJ2)"	"A$AP Rocky/AT.LONG.LAST.A$AP (2015)/A$AP Rocky - AT.LONG.LAST.A$AP - 07 - Lord Pretty Flacko Jodye 2 (LPFJ2).flac"
"A$AP Rocky"	AT.LONG.LAST.A$AP	"Jukebox Joints"	"A$AP Rocky/AT.LONG.LAST.A$AP (2015)/A$AP Rocky - AT.LONG.LAST.A$AP - 09 - Jukebox Joints.flac"
"A$AP Rocky"	AT.LONG.LAST.A$AP	"Max B"	"A$AP Rocky/AT.LONG.LAST.A$AP (2015)/A$AP Rocky - AT.LONG.LAST.A$AP - 10 - Max B.flac"
"A$AP Rocky"	AT.LONG.LAST.A$AP	Wavybone	"A$AP Rocky/AT.LONG.LAST.A$AP (2015)/A$AP Rocky - AT.LONG.LAST.A$AP - 12 - Wavybone.flac"
"A$AP Rocky"	AT.LONG.LAST.A$AP	"West Side Highway"	"A$AP Rocky/AT.LONG.LAST.A$AP (2015)/A$AP Rocky - AT.LONG.LAST.A$AP - 13 - West Side Highway.flac"
"A$AP Rocky"	AT.LONG.LAST.A$AP	Everyday	"A$AP Rocky/AT.LONG.LAST.A$AP (2015)/A$AP Rocky - AT.LONG.LAST.A$AP - 17 - Everyday.flac"
"A$AP Rocky"	"Both Eyes Closed (From ""Highest 2 Lowest"")"	"Both Eyes Closed (From ""Highest 2 Lowest"")"	"A$AP Rocky/Both Eyes Closed (From Highest 2 Lowest) (2025)/A$AP Rocky - Both Eyes Closed (From Highest 2 Lowest) - 01 - Both Eyes Closed (From Highest 2 Lowest).flac"
"A$AP Rocky"	"Don’t Be Dumb"	"ORDER OF PROTECTION"	"A$AP Rocky/Don’t Be Dumb/A$AP Rocky_Don’t Be Dumb_01-01_ORDER OF PROTECTION.flac"
"A$AP Rocky"	"Don’t Be Dumb"	"STOLE YA FLOW"	"A$AP Rocky/Don’t Be Dumb/A$AP Rocky_Don’t Be Dumb_01-04_STOLE YA FLOW.flac"
"A$AP Rocky"	"Don’t Be Dumb"	"PUNK ROCKY"	"A$AP Rocky/Don’t Be Dumb/A$AP Rocky_Don’t Be Dumb_01-10_PUNK ROCKY.flac"
"A$AP Rocky"	HIGHJACK	HIGHJACK	"A$AP Rocky/HIGHJACK/A$AP Rocky_HIGHJACK_01_HIGHJACK.flac"
"A$AP Rocky"	"I Smoked Away My Brain (I’m God × Demons mashup)"	"I Smoked Away My Brain (I’m God × Demons mashup)"	"A$AP Rocky/I Smoked Away My Brain (I’m God × Demons mashup)/A$AP Rocky_I Smoked Away My Brain (I’m God × Demons mashup)_01_I Smoked Away My Brain (I’m God × Demons mashup).flac"
"A$AP Rocky"	LIVE.LOVE.A$AP	Palace	"A$AP Rocky/Live.Love.A$AP (2011)/A$AP Rocky - Live.Love.A$AP - 01 - Palace.mp3"
"A$AP Rocky"	LIVE.LOVE.A$AP	Peso	"A$AP Rocky/Live.Love.A$AP (2011)/A$AP Rocky - Live.Love.A$AP - 02 - Peso.mp3"
"A$AP Rocky"	LIVE.LOVE.A$AP	Bass	"A$AP Rocky/Live.Love.A$AP (2011)/A$AP Rocky - Live.Love.A$AP - 03 - Bass.mp3"
"A$AP Rocky"	LIVE.LOVE.A$AP	Wassup	"A$AP Rocky/Live.Love.A$AP (2011)/A$AP Rocky - Live.Love.A$AP - 04 - Wassup.mp3"
"A$AP Rocky"	LIVE.LOVE.A$AP	"Brand New Guy (feat. ScHoolboy Q)"	"A$AP Rocky/Live.Love.A$AP (2011)/A$AP Rocky - Live.Love.A$AP - 05 - Brand New Guy.mp3"
"A$AP Rocky"	LIVE.LOVE.A$AP	"Get Lit (feat. Fat Tony)"	"A$AP Rocky/Live.Love.A$AP (2011)/A$AP Rocky - Live.Love.A$AP - 07 - Get Lit.mp3"
"A$AP Rocky"	LIVE.LOVE.A$AP	"Keep It G (feat. Chace Infinite & SpaceGhostPurrp)"	"A$AP Rocky/Live.Love.A$AP (2011)/A$AP Rocky - Live.Love.A$AP - 09 - Keep It G.mp3"
"A$AP Rocky"	LIVE.LOVE.A$AP	"Houston Old Head"	"A$AP Rocky/Live.Love.A$AP (2011)/A$AP Rocky - Live.Love.A$AP - 10 - Houston Old Head.mp3"
"A$AP Rocky"	LIVE.LOVE.A$AP	"Acid Drip"	"A$AP Rocky/Live.Love.A$AP (2011)/A$AP Rocky - Live.Love.A$AP - 11 - Acid Drip.mp3"
"A$AP Rocky"	LIVE.LOVE.A$AP	"Leaf (feat. Main Attrakionz)"	"A$AP Rocky/Live.Love.A$AP (2011)/A$AP Rocky - Live.Love.A$AP - 12 - Leaf.mp3"
"A$AP Rocky"	LIVE.LOVE.A$AP	Sandman	"A$AP Rocky/Live.Love.A$AP (2011)/A$AP Rocky - Live.Love.A$AP - 15 - Sandman.mp3"
"A$AP Rocky"	LONG.LIVE.A$AP	Goldie	"A$AP Rocky/LONG.LIVE.A$AP/A$AP Rocky_LONG.LIVE.A$AP_02_Goldie.flac"
"A$AP Rocky"	LONG.LIVE.A$AP	"PMW (All I Really Need)"	"A$AP Rocky/LONG.LIVE.A$AP/A$AP Rocky_LONG.LIVE.A$AP_03_PMW (All I Really Need).flac"
"A$AP Rocky"	LONG.LIVE.A$AP	LVL	"A$AP Rocky/LONG.LIVE.A$AP/A$AP Rocky_LONG.LIVE.A$AP_04_LVL.flac"
"A$AP Rocky"	LONG.LIVE.A$AP	Hell	"A$AP Rocky/LONG.LIVE.A$AP/A$AP Rocky_LONG.LIVE.A$AP_05_Hell.flac"
"A$AP Rocky"	LONG.LIVE.A$AP	Pain	"A$AP Rocky/LONG.LIVE.A$AP/A$AP Rocky_LONG.LIVE.A$AP_06_Pain.flac"
"A$AP Rocky"	LONG.LIVE.A$AP	"Fuckin’ Problems"	"A$AP Rocky/LONG.LIVE.A$AP/A$AP Rocky_LONG.LIVE.A$AP_07_Fuckin’ Problems.flac"
"A$AP Rocky"	LONG.LIVE.A$AP	"1 Train"	"A$AP Rocky/LONG.LIVE.A$AP/A$AP Rocky_LONG.LIVE.A$AP_09_1 Train.flac"
"A$AP Rocky"	LONG.LIVE.A$AP	"Fashion Killa"	"A$AP Rocky/LONG.LIVE.A$AP/A$AP Rocky_LONG.LIVE.A$AP_10_Fashion Killa.flac"
"A$AP Rocky"	LONG.LIVE.A$AP	Phoenix	"A$AP Rocky/LONG.LIVE.A$AP/A$AP Rocky_LONG.LIVE.A$AP_11_Phoenix.flac"
"A$AP Rocky"	LONG.LIVE.A$AP	Suddenly	"A$AP Rocky/LONG.LIVE.A$AP/A$AP Rocky_LONG.LIVE.A$AP_12_Suddenly.flac"
"A$AP Rocky"	LONG.LIVE.A$AP	Jodye	"A$AP Rocky/LONG.LIVE.A$AP/A$AP Rocky_LONG.LIVE.A$AP_13_Jodye.flac"
"A$AP Rocky"	LONG.LIVE.A$AP	"Ghetto Symphony"	"A$AP Rocky/LONG.LIVE.A$AP/A$AP Rocky_LONG.LIVE.A$AP_14_Ghetto Symphony.flac"
"A$AP Rocky"	LONG.LIVE.A$AP	Angels	"A$AP Rocky/LONG.LIVE.A$AP (2013)/A$AP Rocky - LONG.LIVE.A$AP - 15 - Angels.flac"
"A$AP Rocky"	Live.Love.A$AP	Palace	"A$AP Rocky/Live.Love.A$AP/A$AP Rocky_Live.Love.A$AP_01_Palace.flac"
"A$AP Rocky"	Live.Love.A$AP	Peso	"A$AP Rocky/Live.Love.A$AP/A$AP Rocky_Live.Love.A$AP_02_Peso.flac"
"A$AP Rocky"	Live.Love.A$AP	Bass	"A$AP Rocky/Live.Love.A$AP/A$AP Rocky_Live.Love.A$AP_03_Bass.flac"
"A$AP Rocky"	Live.Love.A$AP	Wassup	"A$AP Rocky/Live.Love.A$AP/A$AP Rocky_Live.Love.A$AP_04_Wassup.flac"
"A$AP Rocky"	Live.Love.A$AP	"Brand New Guy"	"A$AP Rocky/Live.Love.A$AP/A$AP Rocky_Live.Love.A$AP_05_Brand New Guy.flac"
"A$AP Rocky"	Live.Love.A$AP	"Get Lit"	"A$AP Rocky/Live.Love.A$AP/A$AP Rocky_Live.Love.A$AP_07_Get Lit.flac"
"A$AP Rocky"	Live.Love.A$AP	Trilla	"A$AP Rocky/Live.Love.A$AP/A$AP Rocky_Live.Love.A$AP_08_Trilla.flac"
"A$AP Rocky"	Live.Love.A$AP	"Keep It G"	"A$AP Rocky/Live.Love.A$AP/A$AP Rocky_Live.Love.A$AP_09_Keep It G.flac"
"A$AP Rocky"	Live.Love.A$AP	"Kissin’ Pink"	"A$AP Rocky/Live.Love.A$AP/A$AP Rocky_Live.Love.A$AP_10_Kissin’ Pink.flac"
"A$AP Rocky"	Live.Love.A$AP	"Houston Old Head"	"A$AP Rocky/Live.Love.A$AP/A$AP Rocky_Live.Love.A$AP_11_Houston Old Head.flac"
"A$AP Rocky"	Live.Love.A$AP	"Acid Drip"	"A$AP Rocky/Live.Love.A$AP/A$AP Rocky_Live.Love.A$AP_12_Acid Drip.flac"
"A$AP Rocky"	Live.Love.A$AP	Leaf	"A$AP Rocky/Live.Love.A$AP/A$AP Rocky_Live.Love.A$AP_13_Leaf.flac"
"A$AP Rocky"	Live.Love.A$AP	"Roll One Up"	"A$AP Rocky/Live.Love.A$AP/A$AP Rocky_Live.Love.A$AP_14_Roll One Up.flac"
"A$AP Rocky"	"Lord Pretty Flacko Jodye 2 VLS"	"Lord Pretty Flacko Jodye (LPFJ2)"	"A$AP Rocky/Lord Pretty Flacko Jodye 2 (LPFJ2) (2015)/A$AP Rocky - Lord Pretty Flacko Jodye 2 (LPFJ2) - 01 - Lord Pretty Flacko Jodye 2 (LPFJ2).mp3"
"A$AP Rocky"	"PUNK ROCKY"	"PUNK ROCKY"	"A$AP Rocky/PUNK ROCKY/A$AP Rocky_PUNK ROCKY_01_PUNK ROCKY.flac"
"A$AP Rocky"	"Purple Swag"	"Purple Swag"	"A$AP Rocky/Purple Swag/A$AP Rocky_Purple Swag_01_Purple Swag.flac"
"A$AP Rocky"	"Ruby Rosary"	"Ruby Rosary"	"A$AP Rocky/Ruby Rosary (2024)/A$AP Rocky - Ruby Rosary - 01 - Ruby Rosary.flac"
"A$AP Rocky"	Sundress	Sundress	"A$AP Rocky/Sundress (2018)/A$AP Rocky - Sundress - 01 - Sundress.flac"
"A$AP Rocky"	TESTING	"Distorted Records"	"A$AP Rocky/TESTING (2018)/A$AP Rocky - TESTING - 01 - Distorted Records.flac"
"A$AP Rocky"	TESTING	"Tony Tone"	"A$AP Rocky/TESTING (2018)/A$AP Rocky - TESTING - 03 - Tony Tone.flac"
"A$AP Rocky"	TESTING	"Fukk Sleep"	"A$AP Rocky/TESTING (2018)/A$AP Rocky - TESTING - 04 - Fukk Sleep.flac"
"A$AP Rocky"	TESTING	"Praise the Lord (Da Shine)"	"A$AP Rocky/TESTING (2018)/A$AP Rocky - TESTING - 05 - Praise the Lord (Da Shine).flac"
"A$AP Rocky"	TESTING	CALLDROPS	"A$AP Rocky/TESTING (2018)/A$AP Rocky - TESTING - 06 - CALLDROPS.flac"
"A$AP Rocky"	TESTING	"Gunz n Butter"	"A$AP Rocky/TESTING (2018)/A$AP Rocky - TESTING - 08 - Gunz n Butter.flac"
"A$AP Rocky"	TESTING	"Brotha Man"	"A$AP Rocky/TESTING (2018)/A$AP Rocky - TESTING - 09 - Brotha Man.flac"
"A$AP Rocky"	TESTING	Hun43rd	"A$AP Rocky/TESTING (2018)/A$AP Rocky - TESTING - 12 - Hun43rd.flac"
"A$AP Rocky"	TESTING	Changes	"A$AP Rocky/TESTING (2018)/A$AP Rocky - TESTING - 13 - Changes.flac"
"A$AP Rocky"	TESTING	"Black Tux, White Collar"	"A$AP Rocky/TESTING (2018)/A$AP Rocky - TESTING - 14 - Black Tux, White Collar.flac"
"A$AP Rocky"	TESTING	Purity	"A$AP Rocky/TESTING (2018)/A$AP Rocky - TESTING - 15 - Purity.flac"
"A$AP Rocky"	"Tailor Swif"	"Tailor Swif"	"A$AP Rocky/Tailor Swif (2024)/A$AP Rocky - Tailor Swif - 01 - Tailor Swif.flac"
"A$AP Rocky"	pray4dagang	pray4dagang	"A$AP Rocky/pray4dagang (2025)/A$AP Rocky - pray4dagang - 01 - pray4dagang.flac"
"A$AP Rocky Feat. Rod Stewart, Miguel & Mark Ronson"	Everyday	Everyday	"A$AP Rocky/Everyday (2015)/A$AP Rocky - Everyday - 01 - Everyday.flac"
"Aaron May"	Chase	Chase	"Aaron May/Chase (2019)/Aaron May - Chase - 11 - Chase.flac"
Ab-Soul	"Black Panther The Album Music From And Inspired By"	"Bloody Waters"	"Kendrick Lamar/Black Panther - The Album (Music From and Inspired By) (2018)/Kendrick Lamar - Black Panther - The Album (Music From and Inspired By) - 08 - Bloody Waters.flac"
"Ab‐Soul"	"Do What Thou Wilt."	Womanogamy	"Ab‐Soul/Do What Thou Wilt/Ab‐Soul_Do What Thou Wilt._05_Womanogamy.flac"
Afroman	"The Good Times"	"Because I Got High"	"Afroman/The Good Times/Afroman_The Good Times_01_Because I Got High.flac"
"Alfa Mist"	"Bring Backs"	"Organic Rust"	"Alfa Mist/Bring Backs/Alfa Mist_Bring Backs_09_Organic Rust.flac"
"Alicia Keys"	"Inolvidable: Buenos Aires, Argentina"	"Fallin’"	"Alicia Keys/Inolvidable - Buenos Aires, Argentina/Alicia Keys_Inolvidable - Buenos Aires, Argentina_26_Fallin’.flac"
Azimuth	"Azimuth / The Touchstone / Départ"	"The Tunnel"	"Azimuth/Azimuth + The Touchstone + Départ/Azimuth_Azimuth + The Touchstone + Départ_01-04_The Tunnel.flac"
"Baby Keem"	Oct	Options	"Baby Keem/Oct/Baby Keem_Oct_01_Options.mp3"
"Baby Keem"	"The Hillbillies"	"The Hillbillies"	"Baby Keem/The Hillbillies/Baby Keem_The Hillbillies_01_The Hillbillies.flac"
"Baby Keem"	"The Melodic Blue"	"trademark usa"	"Baby Keem/The Melodic Blue/Baby Keem_The Melodic Blue_01_trademark usa.flac"
"Baby Keem"	"The Melodic Blue"	scapegoats	"Baby Keem/The Melodic Blue/Baby Keem_The Melodic Blue_03_scapegoats.flac"
"Baby Keem"	"The Melodic Blue"	"range brothers"	"Baby Keem/The Melodic Blue/Baby Keem_The Melodic Blue_04_range brothers.flac"
"Baby Keem"	"The Melodic Blue"	"durag activity"	"Baby Keem/The Melodic Blue/Baby Keem_The Melodic Blue_12_durag activity.flac"
"Baby Kia"	"HELL CAN’T SAVE YOU"	"OD CRASHIN"	"Baby Kia/HELL CAN’T SAVE YOU/Baby Kia_HELL CAN’T SAVE YOU_01_OD CRASHIN.flac"
BabyTron	"#CERTIFIED (DJ Ess mix)"	"#CERTIFIED (DJ Ess mix)"	"BabyTron/#CERTIFIED (DJ Ess mix)/BabyTron_#CERTIFIED (DJ Ess mix)_01_#CERTIFIED (DJ Ess mix).flac"
"Bad Bunny"	"DeBÍ TiRAR MáS FOToS"	"BAILE INoLVIDABLE"	"Bad Bunny/DeBÍ TiRAR MáS FOToS/Bad Bunny_DeBÍ TiRAR MáS FOToS_03_BAILE INoLVIDABLE.flac"
Bahamadia	"Good Rap Music"	"Serious, Part 2"	"Bahamadia/Good Rap Music/Bahamadia_Good Rap Music_09_Serious, Part 2.flac"
"Bedřich Smetana"	"Karajan Conducts Orchestral Favourites I"	"Má Vlast: No. 2: Vltava (Die Moldau)"	"Herbert von Karajan/Karajan Conducts Orchestral Favourites I/Herbert von Karajan_Karajan Conducts Orchestral Favourites I_12_Má Vlast - No. 2 - Vltava (Die Moldau).flac"
"Benny the Butcher"	"The Plugs I Met 2"	"Plug Talk"	"Benny the Butcher/The Plugs I Met 2/Benny the Butcher_The Plugs I Met 2_03_Plug Talk.flac"
"Big L"	"139 & Lenox"	"Now or Never"	"Big L/139 & Lenox/Big L_139 & Lenox_01_Now or Never.flac"
"Big L"	"139 & Lenox"	"Platinum Plus (original Riverside mix)"	"Big L/139 & Lenox/Big L_139 & Lenox_05_Platinum Plus (original Riverside mix).flac"
"Big L"	"Lifestylez Ov Da Poor & Dangerous"	"Put It On"	"Big L/Lifestylez ov da Poor & Dangerous (1995)/Big L - Lifestylez ov da Poor & Dangerous - 01 - Put It On.flac"
"Big L"	"Lifestylez Ov Da Poor & Dangerous"	MVP	"Big L/Lifestylez ov da Poor & Dangerous (1995)/Big L - Lifestylez ov da Poor & Dangerous - 02 - MVP.flac"
"Big L"	"Lifestylez Ov Da Poor & Dangerous"	"Street Struck"	"Big L/Lifestylez ov da Poor & Dangerous (1995)/Big L - Lifestylez ov da Poor & Dangerous - 07 - Street Struck.flac"
"Big L"	"Lifestylez ov da Poor & Dangerous"	"Put It On"	"Big L/Lifestylez ov da Poor & Dangerous/Big L_Lifestylez ov da Poor & Dangerous_01_Put It On.flac"
"Big L"	"Lifestylez ov da Poor & Dangerous"	MVP	"Big L/Lifestylez ov da Poor & Dangerous/Big L_Lifestylez ov da Poor & Dangerous_02_MVP.flac"
"Big L"	"Lifestylez ov da Poor & Dangerous"	"Street Struck"	"Big L/Lifestylez ov da Poor & Dangerous/Big L_Lifestylez ov da Poor & Dangerous_07_Street Struck.flac"
"Big L"	"Lifestylez ov da Poor & Dangerous"	"Lifestylez ov da Poor & Dangerous"	"Big L/Lifestylez ov da Poor & Dangerous/Big L_Lifestylez ov da Poor & Dangerous_09_Lifestylez ov da Poor & Dangerous.flac"
"Big L"	"Lifestylez ov da Poor & Dangerous"	"Fed Up With the Bullshit"	"Big L/Lifestylez ov da Poor & Dangerous/Big L_Lifestylez ov da Poor & Dangerous_11_Fed Up With the Bullshit.flac"
"Big L"	MVP	MVP	"Big L/MVP/Big L_MVP_01_MVP.flac"
"Big L"	"U Ain't Gotta Chance"	"U Aint Gotta Chance (Feat. Nas)"	"Big L/U Aint Gotta Chance (2025)/Big L - U Aint Gotta Chance - 01 - U Aint Gotta Chance.mp3"
BigXthaPlug	AMAR	"Bad Bitches"	"BigXthaPlug/AMAR/BigXthaPlug_AMAR_05_Bad Bitches.flac"
BigXthaPlug	AMAR	"Whip It"	"BigXthaPlug/AMAR/BigXthaPlug_AMAR_14_Whip It.flac"
BigXthaPlug	AMAR	"Left Eye"	"BigXthaPlug/AMAR/BigXthaPlug_AMAR_15_Left Eye.flac"
BigXthaPlug	AMAR	"Rap Niggas"	"BigXthaPlug/AMAR/BigXthaPlug_AMAR_16_Rap Niggas.flac"
BigXthaPlug	Mmhmm	Mmhmm	BigXthaPlug/Mmhmm/BigXthaPlug_Mmhmm_01_Mmhmm.flac
BigXthaPlug	"The Largest"	"The Largest"	"BigXthaPlug/The Largest/BigXthaPlug_The Largest_01_The Largest.flac"
"Bill Withers"	"Lean on Me: The Best of Bill Withers"	"Lean on Me"	"Bill Withers/Lean on Me - The Best of Bill Withers/Bill Withers_Lean on Me - The Best of Bill Withers_03_Lean on Me.flac"
"Bill Withers"	Menagerie	"Lovely Day"	"Bill Withers/Menagerie (1977)/Bill Withers - Menagerie - 01 - Lovely Day.flac"
"Bill Withers"	Menagerie	"Lovely Day"	"Bill Withers/Menagerie/Bill Withers_Menagerie_01_Lovely Day.flac"
"Billie Eilish"	"WHEN WE ALL FALL ASLEEP, WHERE DO WE GO?"	"bad guy"	"Billie Eilish/WHEN WE ALL FALL ASLEEP, WHERE DO WE GO!/Billie Eilish_WHEN WE ALL FALL ASLEEP, WHERE DO WE GO!_02_bad guy.flac"
"Billy Joel"	"An Innocent Man"	"Uptown Girl"	"Billy Joel/An Innocent Man/Billy Joel_An Innocent Man_06_Uptown Girl.flac"
"Bob Marley & The Wailers"	"Bob Marley & The Chineke! Orchestra"	"Get Up, Stand Up"	"Bob Marley/Bob Marley & The Chineke! Orchestra/Bob Marley_Bob Marley & The Chineke! Orchestra_04_Get Up, Stand Up.flac"
"Bob Marley & The Wailers"	"Bob Marley & The Chineke! Orchestra"	"Is This Love"	"Bob Marley/Bob Marley & The Chineke! Orchestra/Bob Marley_Bob Marley & The Chineke! Orchestra_05_Is This Love.flac"
"Bob Marley & The Wailers"	"Bob Marley & The Chineke! Orchestra"	"Redemption Song"	"Bob Marley/Bob Marley & The Chineke! Orchestra/Bob Marley_Bob Marley & The Chineke! Orchestra_06_Redemption Song.flac"
"Bob Marley & The Wailers"	"Bob Marley & The Chineke! Orchestra"	"I Shot the Sheriff"	"Bob Marley/Bob Marley & The Chineke! Orchestra/Bob Marley_Bob Marley & The Chineke! Orchestra_09_I Shot the Sheriff.flac"
"Bob Marley & The Wailers"	"Songs of Freedom"	"Stir It Up (original)"	"Bob Marley/Songs of Freedom/Bob Marley_Songs of Freedom_01-11_Stir It Up (original).flac"
"Boldy James"	"Crunchin - Single"	Crunchin	"Boldy James/Crunchin (2014)/Boldy James - Crunchin - 01 - Crunchin.flac"
"Boldy James"	"Manger on McNichols"	"Detroit River Rock"	"Boldy James/Manger on McNichols/Boldy James_Manger on McNichols_03_Detroit River Rock.flac"
"Boldy James"	"Manger on McNichols"	"Middle of Next Month"	"Boldy James/Manger on McNichols/Boldy James_Manger on McNichols_05_Middle of Next Month.flac"
"Boldy James"	"My 1st Chemistry Set"	"You Know"	"Boldy James/My 1st Chemistry Set/Boldy James_My 1st Chemistry Set_05_You Know.flac"
"Boldy James"	"My 1st Chemistry Set"	"Cobo Hall"	"Boldy James/My 1st Chemistry Set/Boldy James_My 1st Chemistry Set_09_Cobo Hall.flac"
"Boldy James"	"Super Tecmo Bo"	"Level Tipping Scales"	"Boldy James/Super Tecmo Bo/Boldy James_Super Tecmo Bo_01_Level Tipping Scales.flac"
"Boldy James"	"Super Tecmo Bo"	"Hot Water Tank"	"Boldy James/Super Tecmo Bo/Boldy James_Super Tecmo Bo_03_Hot Water Tank.flac"
"Boldy James"	"Super Tecmo Bo"	"Great Adventures"	"Boldy James/Super Tecmo Bo/Boldy James_Super Tecmo Bo_05_Great Adventures.flac"
"Boldy James"	"Super Tecmo Bo"	"Moth in the Flame"	"Boldy James/Super Tecmo Bo/Boldy James_Super Tecmo Bo_06_Moth in the Flame.flac"
"Boldy James"	"Super Tecmo Bo"	Guilt	"Boldy James/Super Tecmo Bo/Boldy James_Super Tecmo Bo_08_Guilt.flac"
"Boldy James"	"Super Tecmo Bo"	Francois	"Boldy James/Super Tecmo Bo/Boldy James_Super Tecmo Bo_09_Francois.flac"
"Boldy James & Real Bad Man"	ADU	"Jonny On The Spot"	"Boldy James/ADU (2023)/Boldy James - ADU - 05 - Jonny On The Spot.flac"
"Brent Faiyaz"	"Natural Release"	"Natural Release"	"Brent Faiyaz/Natural Release/Brent Faiyaz_Natural Release_01_Natural Release.flac"
"Bryson Tiller"	"A N N I V E R S A R Y"	"Timeless Interlude"	"Bryson Tiller/A N N I V E R S A R Y/Bryson Tiller_A N N I V E R S A R Y_05_Timeless Interlude.flac"
"Bryson Tiller"	"A N N I V E R S A R Y"	"Next to You"	"Bryson Tiller/A N N I V E R S A R Y/Bryson Tiller_A N N I V E R S A R Y_10_Next to You.flac"
"Bryson Tiller"	Blame	Blame	"Bryson Tiller/Blame/Bryson Tiller_Blame_01_Blame.flac"
"Bryson Tiller"	"T R A P S O U L"	Rambo	"Bryson Tiller/T R A P S O U L/Bryson Tiller_T R A P S O U L_09_Rambo.flac"
C418	"Minecraft – Volume Alpha"	"Subwoofer Lullaby"	"C418/Minecraft – Volume Alpha/C418_Minecraft – Volume Alpha_03_Subwoofer Lullaby.flac"
C418	"Minecraft – Volume Alpha"	"Living Mice"	"C418/Minecraft – Volume Alpha/C418_Minecraft – Volume Alpha_05_Living Mice.flac"
C418	"Minecraft – Volume Alpha"	"Moog City"	"C418/Minecraft – Volume Alpha/C418_Minecraft – Volume Alpha_06_Moog City.flac"
C418	"Minecraft – Volume Alpha"	"Mice on Venus"	"C418/Minecraft – Volume Alpha/C418_Minecraft – Volume Alpha_11_Mice on Venus.flac"
C418	"Minecraft – Volume Alpha"	"Dry Hands"	"C418/Minecraft – Volume Alpha/C418_Minecraft – Volume Alpha_12_Dry Hands.flac"
C418	"Minecraft – Volume Alpha"	"Wet Hands"	"C418/Minecraft – Volume Alpha/C418_Minecraft – Volume Alpha_13_Wet Hands.flac"
"Central Cee"	23	Ungrateful	"Central Cee/23/Central Cee_23_03_Ungrateful.flac"
"Central Cee"	Booga	Booga	"Central Cee/Booga/Central Cee_Booga_01_Booga.flac"
"Central Cee"	"CAN'T RUSH GREATNESS"	GBP	"Central Cee/CAN’T RUSH GREATNESS (2025)/Central Cee - CAN’T RUSH GREATNESS - 05 - GBP.flac"
"Central Cee"	"CAN'T RUSH GREATNESS"	CRG	"Central Cee/CAN’T RUSH GREATNESS (2025)/Central Cee - CAN’T RUSH GREATNESS - 08 - CRG.flac"
"Central Cee"	"CAN'T RUSH GREATNESS"	BAND4BAND	"Central Cee/CAN’T RUSH GREATNESS (2025)/Central Cee - CAN’T RUSH GREATNESS - 13 - BAND4BAND.flac"
"Central Cee"	"CAN'T RUSH GREATNESS"	"Must Be"	"Central Cee/CAN’T RUSH GREATNESS (2025)/Central Cee - CAN’T RUSH GREATNESS - 16 - Must Be.flac"
"Central Cee"	"CAN’T RUSH GREATNESS"	"No Introduction"	"Central Cee/CAN’T RUSH GREATNESS/Central Cee_CAN’T RUSH GREATNESS_01_No Introduction.flac"
"Central Cee"	"CAN’T RUSH GREATNESS"	GBP	"Central Cee/CAN’T RUSH GREATNESS/Central Cee_CAN’T RUSH GREATNESS_05_GBP.flac"
"Central Cee"	"CAN’T RUSH GREATNESS"	CRG	"Central Cee/CAN’T RUSH GREATNESS/Central Cee_CAN’T RUSH GREATNESS_08_CRG.flac"
"Central Cee"	"CAN’T RUSH GREATNESS"	BAND4BAND	"Central Cee/CAN’T RUSH GREATNESS/Central Cee_CAN’T RUSH GREATNESS_13_BAND4BAND.flac"
"Central Cee"	"CAN’T RUSH GREATNESS"	"Gen Z Luv"	"Central Cee/CAN’T RUSH GREATNESS/Central Cee_CAN’T RUSH GREATNESS_14_Gen Z Luv.flac"
"Central Cee"	"CAN’T RUSH GREATNESS"	"Walk in Wardrobe"	"Central Cee/CAN’T RUSH GREATNESS/Central Cee_CAN’T RUSH GREATNESS_15_Walk in Wardrobe.flac"
"Central Cee"	"CAN’T RUSH GREATNESS"	"Must Be"	"Central Cee/CAN’T RUSH GREATNESS/Central Cee_CAN’T RUSH GREATNESS_16_Must Be.flac"
"Central Cee"	"Day in the Life"	"Day in the Life"	"Central Cee/Day in the Life/Central Cee_Day in the Life_01_Day in the Life.flac"
"Central Cee"	Doja	Doja	"Central Cee/Doja/Central Cee_Doja_01_Doja.flac"
"Central Cee"	GBP	GBP	"Central Cee/GBP/Central Cee_GBP_01_GBP.flac"
"Chance the Rapper"	"Acid Rap"	"Pusha Man"	"Chance the Rapper/Acid Rap/Chance the Rapper_Acid Rap_02_Pusha Man.flac"
"Chance the Rapper"	"Acid Rap"	Paranoia	"Chance the Rapper/Acid Rap/Chance the Rapper_Acid Rap_03_Paranoia.flac"
"Chance the Rapper"	"Acid Rap"	"Cocoa Butter Kisses"	"Chance the Rapper/Acid Rap/Chance the Rapper_Acid Rap_04_Cocoa Butter Kisses.flac"
"Chance the Rapper"	"Acid Rap"	Nana	"Chance the Rapper/Acid Rap/Chance the Rapper_Acid Rap_10_Nana.flac"
"Chance the Rapper"	"Acid Rap"	"Acid Rain"	"Chance the Rapper/Acid Rap/Chance the Rapper_Acid Rap_12_Acid Rain.flac"
"Chance the Rapper"	"Quiet Storm"	"Quiet Storm"	"Chance the Rapper/Quiet Storm/Chance the Rapper_Quiet Storm_01_Quiet Storm.flac"
"Childish Gambino"	3.15.20	32.22	"Childish Gambino/3.15.20/Childish Gambino_3.15.20_07_32.22.flac"
"Childish Gambino"	Atavista	"Psilocybae (Millenial Love)"	"Childish Gambino/Atavista/Childish Gambino_Atavista_04_Psilocybae (Millenial Love).flac"
"Childish Gambino"	Royalty	"One Up"	"Childish Gambino/Royalty/Childish Gambino_Royalty_03_One Up.flac"
"Childish Gambino"	"Sick Boi"	"Baby Doll"	"Childish Gambino/Sick Boi/Childish Gambino_Sick Boi_12_Baby Doll.flac"
"Childish Gambino"	"This Is America"	"This Is America"	"Childish Gambino/This Is America/Childish Gambino_This Is America_01_This Is America.flac"
"Childish Gambino"	"“Awaken, My Love!”"	"Me and Your Mama"	"Childish Gambino/“Awaken, My Love!” (2016)/Childish Gambino - “Awaken, My Love!” - 01 - Me and Your Mama.flac"
"Chris Travis"	"Waterszn 2"	"Having It"	"Chris Travis/Waterszn 2/Chris Travis_Waterszn 2_07_Having It.flac"
"Chuck Strangers"	"Consumers Park"	"Class Pictures"	"Chuck Strangers/Consumers Park/Chuck Strangers_Consumers Park_07_Class Pictures.flac"
"Chuck Strangers"	"Prospect Park West"	"Prospect Park West"	"Chuck Strangers/Prospect Park West/Chuck Strangers_Prospect Park West_01_Prospect Park West.mp3"
Clairo	Charm	Juna	Clairo/Charm/Clairo_Charm_07_Juna.flac
Clipse	"Til the Casket Drops"	Counseling	"Clipse/Til the Casket Drops/Clipse_Til the Casket Drops_10_Counseling.flac"
Common	"The Auditorium, Vol. 1"	"Dreamin’"	"Common/The Auditorium, Vol. 1/Common_The Auditorium, Vol. 1_01_Dreamin’.flac"
Common	"The Dreamer / The Believer"	Cloth	"Common/The Dreamer + The Believer/Common_The Dreamer + The Believer_08_Cloth.flac"
Consequence	"Take 'em to the Cleaners"	"So Soulful"	"Consequence/Take 'em to the Cleaners/Consequence_Take 'em to the Cleaners_03_So Soulful.flac"
Consequence	"Take 'em to the Cleaners"	"Yard 2 Yard"	"Consequence/Take 'em to the Cleaners/Consequence_Take 'em to the Cleaners_04_Yard 2 Yard.flac"
Consequence	"Take 'em to the Cleaners"	"Wack Niggas"	"Consequence/Take 'em to the Cleaners/Consequence_Take 'em to the Cleaners_06_Wack Niggas.flac"
Consequence	"Take 'em to the Cleaners"	"Niggas Tried To? (Freestyle)"	"Consequence/Take 'em to the Cleaners/Consequence_Take 'em to the Cleaners_07_Niggas Tried To! (Freestyle).flac"
Consequence	"Take 'em to the Cleaners"	"I See Now"	"Consequence/Take 'em to the Cleaners/Consequence_Take 'em to the Cleaners_10_I See Now.flac"
Consequence	"Take 'em to the Cleaners"	"The Consequence"	"Consequence/Take 'em to the Cleaners/Consequence_Take 'em to the Cleaners_23_The Consequence.flac"
"Consequence Ft Kanye West & Khayree"	"Take 'Em To The Cleaners"	"So Soulful"	"Consequence/Take 'em to the Cleaners (2004)/Consequence - Take 'em to the Cleaners - 03 - So Soulful.mp3"
Curren$y	Bales	"100 Spokes"	"Curren$y/Bales/Curren$y_Bales_05_100 Spokes.flac"
Curren$y	"Smokee Robinson"	"Bout It"	"Curren$y/Smokee Robinson/Curren$y_Smokee Robinson_04_Bout It.m4a"
"DJ Khaled"	"KHALED KHALED"	GREECE	"DJ Khaled/KHALED KHALED/DJ Khaled_KHALED KHALED_13_GREECE.flac"
"DJ Khaled"	"Suffering From Success"	"Hells Kitchen"	"DJ Khaled/Suffering From Success/DJ Khaled_Suffering From Success_11_Hells Kitchen.flac"
DMX	"Murder Inc."	Damien	"DMX/Murder Inc/DMX_Murder Inc._04_Damien.mp3"
DaBaby	BOP	BOP	DaBaby/BOP/DaBaby_BOP_01_BOP.mp3
DaBaby	KIRK	BOP	DaBaby/KIRK/DaBaby_KIRK_03_BOP.flac
Dave	"Six Paths"	"Panic Attack"	"Dave/Six Paths/Dave_Six Paths_03_Panic Attack.flac"
Dave	"Split Decision"	Sprinter	"Dave/Split Decision/Dave_Split Decision_02_Sprinter.flac"
Dave	"Split Decision"	"UK Rap"	"Dave/Split Decision/Dave_Split Decision_04_UK Rap.flac"
Dave	Starlight	Starlight	Dave/Starlight/Dave_Starlight_01_Starlight.flac
Dave	"The Boy Who Played the Harp"	Fairchild	"Dave/The Boy Who Played the Harp/Dave_The Boy Who Played the Harp_09_Fairchild.flac"
Dave	"We’re All Alone in This Together"	"Heart Attack"	"Dave/We’re All Alone in This Together/Dave_We’re All Alone in This Together_11_Heart Attack.flac"
"David Bowie"	"A New Career in a New Town (1977–1982)"	"Speed of Life"	"David Bowie/A New Career in a New Town (1977–1982)/David Bowie_A New Career in a New Town (1977–1982)_01-01_Speed of Life.flac"
"David Bowie"	ChangesTwoBowie	Starman	"David Bowie/ChangesTwoBowie/David Bowie_ChangesTwoBowie_03_Starman.flac"
"David Bowie"	Glamour	"Tired of My Life (demo)"	"David Bowie/Glamour/David Bowie_Glamour_11_Tired of My Life (demo).flac"
"David Bowie"	"Sue (or In a Season of Crime)"	"’Tis a Pity She Was a Whore"	"David Bowie/Sue (or In a Season of Crime)/David Bowie_Sue (or In a Season of Crime)_02_’Tis a Pity She Was a Whore.flac"
"De La Soul"	"3 Feet High and Rising"	Buddy	"De La Soul/3 Feet High and Rising/De La Soul_3 Feet High and Rising_18_Buddy.flac"
"De La Soul"	"and the Anonymous Nobody…"	Trainwreck	"De La Soul/and the Anonymous Nobody…/De La Soul_and the Anonymous Nobody…_11_Trainwreck.flac"
"Denzel Curry"	"Melt My Eyez See Your Future"	"The Last"	"Denzel Curry/Melt My Eyez See Your Future/Denzel Curry_Melt My Eyez See Your Future_05_The Last.flac"
"Doja Cat"	"100% Doja Cat"	Juicy	"Doja Cat/100% Doja Cat/Doja Cat_100% Doja Cat_30_Juicy.flac"
"Doja Cat"	"Hot Pink"	Juicy	"Doja Cat/Hot Pink/Doja Cat_Hot Pink_12_Juicy.flac"
"Doja Cat"	"Paint the Town Red"	"Paint the Town Red"	"Doja Cat/Paint the Town Red/Doja Cat_Paint the Town Red_01_Paint the Town Red.flac"
"Don Toliver"	FWU	FWU	"Don Toliver/FWU/Don Toliver_FWU_01_FWU.flac"
"Don Toliver"	"HARDSTONE PSYCHO"	KRYPTONITE	"Don Toliver/HARDSTONE PSYCHO/Don Toliver_HARDSTONE PSYCHO_01-01_KRYPTONITE.flac"
"Don Toliver"	"HARDSTONE PSYCHO"	BANDIT	"Don Toliver/HARDSTONE PSYCHO/Don Toliver_HARDSTONE PSYCHO_02-01_BANDIT.flac"
"Don Toliver"	"HARDSTONE PSYCHO"	"5 TO 10"	"Don Toliver/HARDSTONE PSYCHO/Don Toliver_HARDSTONE PSYCHO_04-02_5 TO 10.flac"
"Don Toliver"	"HARDSTONE PSYCHO"	"TORE UP"	"Don Toliver/HARDSTONE PSYCHO/Don Toliver_HARDSTONE PSYCHO_01-02_TORE UP.flac"
"Don Toliver"	"HARDSTONE PSYCHO"	"ICE AGE"	"Don Toliver/HARDSTONE PSYCHO/Don Toliver_HARDSTONE PSYCHO_02-03_ICE AGE.flac"
"Don Toliver"	"HARDSTONE PSYCHO"	4X4	"Don Toliver/HARDSTONE PSYCHO/Don Toliver_HARDSTONE PSYCHO_02-04_4X4.flac"
"Don Toliver"	"Too Many Nights"	"Too Many Nights"	"Don Toliver/Too Many Nights/Don Toliver_Too Many Nights_01_Too Many Nights.flac"
Drake	"$ome $exy $ongs 4 U"	NOKIA	"PARTYNEXTDOOR/$ome $exy $ongs 4 U/PARTYNEXTDOOR_$ome $exy $ongs 4 U_14_NOKIA.flac"
Drake	"America's Nightmare"	Forever	"Eminem/America's Nightmare/Eminem_America's Nightmare_02_Forever.mp3"
Drake	"Certified Lover Boy"	"Papi’s Home"	"Drake/Certified Lover Boy (2021)/Drake - Certified Lover Boy - 02 - Papi’s Home.flac"
Drake	"Certified Lover Boy"	"Papi’s Home"	"Drake/Certified Lover Boy/Drake_Certified Lover Boy_02_Papi’s Home.flac"
Drake	"Certified Lover Boy"	"Girls Want Girls"	"Drake/Certified Lover Boy (2021)/Drake - Certified Lover Boy - 03 - Girls Want Girls.flac"
Drake	"Certified Lover Boy"	"Girls Want Girls"	"Drake/Certified Lover Boy/Drake_Certified Lover Boy_03_Girls Want Girls.flac"
Drake	"Certified Lover Boy"	"In The Bible"	"Drake/Certified Lover Boy (2021)/Drake - Certified Lover Boy - 04 - In the Bible.flac"
Drake	"Certified Lover Boy"	"In the Bible"	"Drake/Certified Lover Boy/Drake_Certified Lover Boy_04_In the Bible.flac"
Drake	"Certified Lover Boy"	"Love All"	"Drake/Certified Lover Boy (2021)/Drake - Certified Lover Boy - 05 - Love All.flac"
Drake	"Certified Lover Boy"	"Love All"	"Drake/Certified Lover Boy/Drake_Certified Lover Boy_05_Love All.flac"
Drake	"Certified Lover Boy"	"Fair Trade"	"Drake/Certified Lover Boy (2021)/Drake - Certified Lover Boy - 06 - Fair Trade.flac"
Drake	"Certified Lover Boy"	"Fair Trade"	"Drake/Certified Lover Boy/Drake_Certified Lover Boy_06_Fair Trade.flac"
Drake	"Certified Lover Boy"	TSU	"Drake/Certified Lover Boy/Drake_Certified Lover Boy_08_TSU.flac"
Drake	"Certified Lover Boy"	"Yebba’s Heartbreak"	"Drake/Certified Lover Boy/Drake_Certified Lover Boy_11_Yebba’s Heartbreak.flac"
Drake	"Certified Lover Boy"	"No Friends In The Industry"	"Drake/Certified Lover Boy (2021)/Drake - Certified Lover Boy - 12 - No Friends in the Industry.flac"
Drake	"Certified Lover Boy"	"No Friends in the Industry"	"Drake/Certified Lover Boy/Drake_Certified Lover Boy_12_No Friends in the Industry.flac"
Drake	"Certified Lover Boy"	"Knife Talk"	"Drake/Certified Lover Boy (2021)/Drake - Certified Lover Boy - 13 - Knife Talk.flac"
Drake	"Certified Lover Boy"	"Knife Talk"	"Drake/Certified Lover Boy/Drake_Certified Lover Boy_13_Knife Talk.flac"
Drake	"Certified Lover Boy"	"Race My Mind"	"Drake/Certified Lover Boy/Drake_Certified Lover Boy_15_Race My Mind.flac"
Drake	"Certified Lover Boy"	Fountains	"Drake/Certified Lover Boy (2021)/Drake - Certified Lover Boy - 16 - Fountains.flac"
Drake	"Certified Lover Boy"	"Get Along Better"	"Drake/Certified Lover Boy (2021)/Drake - Certified Lover Boy - 17 - Get Along Better.flac"
Drake	"Dark Lane Demo Tapes"	"Toosie Slide"	"Drake/Dark Lane Demo Tapes (2020)/Drake - Dark Lane Demo Tapes - 05 - Toosie Slide.flac"
Drake	"Draft Day"	"Draft Day"	"Drake/Draft Day/Drake_Draft Day_01_Draft Day.flac"
Drake	"Family Matters"	"Family Matters"	"Drake/Family Matters/Drake_Family Matters_01_Family Matters.flac"
Drake	Fear	Fear	Drake/Fear/Drake_Fear_01_Fear.flac
Drake	"For All The Dogs Scary Hours Edition"	"Calling For You"	"Drake/For All the Dogs (2023)/Digital Media 01/Drake - For All the Dogs - 03 - Calling for You.flac"
Drake	"For All The Dogs Scary Hours Edition"	Daylight	"Drake/For All the Dogs (2023)/Digital Media 01/Drake - For All the Dogs - 05 - Daylight.flac"
Drake	"For All The Dogs Scary Hours Edition"	"First Person Shooter"	"Drake/For All the Dogs (2023)/Digital Media 01/Drake - For All the Dogs - 06 - First Person Shooter.flac"
Drake	"For All The Dogs Scary Hours Edition"	"Rich Baby Daddy"	"Drake/For All the Dogs (2023)/Digital Media 01/Drake - For All the Dogs - 20 - Rich Baby Daddy.flac"
Drake	"For All the Dogs"	"Calling for You"	"Drake/For All the Dogs/Drake_For All the Dogs_03_Calling for You.flac"
Drake	"For All the Dogs"	"Fear of Heights"	"Drake/For All the Dogs/Drake_For All the Dogs_04_Fear of Heights.flac"
Drake	"For All the Dogs"	Daylight	"Drake/For All the Dogs/Drake_For All the Dogs_05_Daylight.flac"
Drake	"For All the Dogs"	"First Person Shooter"	"Drake/For All the Dogs/Drake_For All the Dogs_06_First Person Shooter.flac"
Drake	"For All the Dogs"	IDGAF	"Drake/For All the Dogs/Drake_For All the Dogs_07_IDGAF.flac"
Drake	"For All the Dogs"	"Members Only"	"Drake/For All the Dogs/Drake_For All the Dogs_14_Members Only.flac"
Drake	"For All the Dogs"	"What Would Pluto Do"	"Drake/For All the Dogs/Drake_For All the Dogs_15_What Would Pluto Do.flac"
Drake	"For All the Dogs"	"Rich Baby Daddy"	"Drake/For All the Dogs/Drake_For All the Dogs_20_Rich Baby Daddy.flac"
Drake	"For All the Dogs"	"Another Late Night"	"Drake/For All the Dogs/Drake_For All the Dogs_21_Another Late Night.flac"
Drake	"For All the Dogs"	"Polar Opposites"	"Drake/For All the Dogs/Drake_For All the Dogs_23_Polar Opposites.flac"
Drake	"Her Loss"	"Rich Flex"	"Drake/Her Loss (2022)/Drake - Her Loss - 01 - Rich Flex.flac"
Drake	"Her Loss"	"Rich Flex"	"Drake/Her Loss/Drake_Her Loss_01_Rich Flex.flac"
Drake	"Her Loss"	"Major Distribution"	"Drake/Her Loss/Drake_Her Loss_02_Major Distribution.flac"
Drake	"Her Loss"	"On BS"	"Drake/Her Loss (2022)/Drake - Her Loss - 03 - On BS.flac"
Drake	"Her Loss"	"On BS"	"Drake/Her Loss/Drake_Her Loss_03_On BS.flac"
Drake	"Her Loss"	BackOutsideBoyz	"Drake/Her Loss (2022)/Drake - Her Loss - 04 - BackOutsideBoyz.flac"
Drake	"Her Loss"	"Privileged Rappers"	"Drake/Her Loss (2022)/Drake - Her Loss - 05 - Privileged Rappers.flac"
Drake	"Her Loss"	"Privileged Rappers"	"Drake/Her Loss/Drake_Her Loss_05_Privileged Rappers.flac"
Drake	"Her Loss"	"Pussy & Millions"	"Drake/Her Loss (2022)/Drake - Her Loss - 10 - Pussy & Millions.flac"
Drake	"Her Loss"	"Pussy & Millions"	"Drake/Her Loss/Drake_Her Loss_10_Pussy & Millions.flac"
Drake	"Honestly, Nevermind"	"Texts Go Green"	"Drake/Honestly, Nevermind/Drake_Honestly, Nevermind_03_Texts Go Green.flac"
Drake	"Honestly, Nevermind"	Currents	"Drake/Honestly, Nevermind (2022)/Drake - Honestly, Nevermind - 04 - Currents.flac"
Drake	"Honestly, Nevermind"	Sticky	"Drake/Honestly, Nevermind/Drake_Honestly, Nevermind_07_Sticky.flac"
Drake	"Honestly, Nevermind"	"Jimmy Cooks"	"Drake/Honestly, Nevermind/Drake_Honestly, Nevermind_14_Jimmy Cooks.flac"
Drake	"Hotline Bling"	"Hotline Bling"	"Drake/Hotline Bling (2015)/Drake - Hotline Bling - 01 - Hotline Bling.flac"
Drake	"I'm Upset"	"I'm Upset"	"Drake/I'm Upset/Drake_I'm Upset_01_I'm Upset.flac"
Drake	"If You’re Reading This It’s Too Late"	Madonna	"Drake/If You’re Reading This It’s Too Late/Drake_If You’re Reading This It’s Too Late_06_Madonna.flac"
Drake	Jumpman	Jumpman	Drake/Jumpman/Drake_Jumpman_01_Jumpman.flac
Drake	"More Life"	Passionfruit	"Drake/More Life/Drake_More Life_03_Passionfruit.flac"
Drake	"More Life"	Gyalchester	"Drake/More Life/Drake_More Life_09_Gyalchester.flac"
Drake	"More Life"	"Teenage Fever"	"Drake/More Life/Drake_More Life_14_Teenage Fever.flac"
Drake	"Nice for What"	"Nice for What"	"Drake/Nice for What/Drake_Nice for What_01_Nice for What.flac"
Drake	"No Face"	"No Face"	"Drake/No Face/Drake_No Face_01_No Face.flac"
Drake	"One Dance"	"One Dance"	"Drake/One Dance/Drake_One Dance_01_One Dance.mp3"
Drake	Passionfruit	Passionfruit	Drake/Passionfruit/Drake_Passionfruit_01_Passionfruit.flac
Drake	"Push Ups"	"Push Ups"	"Drake/Push Ups (2024)/Drake - Push Ups - 01 - Push Ups.flac"
Drake	Scorpion	Survival	Drake/Scorpion/Drake_Scorpion_01-01_Survival.flac
Drake	Scorpion	Nonstop	"Drake/Scorpion (2018)/Digital Media 01/Drake - Scorpion - 02 - Nonstop.flac"
Drake	Scorpion	"Summer Games"	"Drake/Scorpion/Drake_Scorpion_02-02_Summer Games.flac"
Drake	Scorpion	Nonstop	Drake/Scorpion/Drake_Scorpion_01-02_Nonstop.flac
Drake	Scorpion	Jaded	"Drake/Scorpion (2018)/Digital Media 02/Drake - Scorpion - 03 - Jaded.flac"
Drake	Scorpion	Jaded	Drake/Scorpion/Drake_Scorpion_02-03_Jaded.flac
Drake	Scorpion	Elevate	Drake/Scorpion/Drake_Scorpion_01-03_Elevate.flac
Drake	Scorpion	"Nice For What"	"Drake/Scorpion (2018)/Digital Media 02/Drake - Scorpion - 04 - Nice for What.flac"
Drake	Scorpion	"Nice for What"	"Drake/Scorpion/Drake_Scorpion_02-04_Nice for What.flac"
Drake	Scorpion	Emotionless	Drake/Scorpion/Drake_Scorpion_01-04_Emotionless.flac
Drake	Scorpion	"God's Plan"	"Drake/Scorpion (2018)/Digital Media 01/Drake - Scorpion - 05 - God’s Plan.flac"
Drake	Scorpion	"God’s Plan"	"Drake/Scorpion/Drake_Scorpion_01-05_God’s Plan.flac"
Drake	Scorpion	"I'm Upset"	"Drake/Scorpion (2018)/Digital Media 01/Drake - Scorpion - 06 - I’m Upset.flac"
Drake	Scorpion	"I’m Upset"	"Drake/Scorpion/Drake_Scorpion_01-06_I’m Upset.flac"
Drake	Scorpion	"8 Out Of 10"	"Drake/Scorpion (2018)/Digital Media 01/Drake - Scorpion - 07 - 8 Out of 10.flac"
Drake	Scorpion	"8 Out of 10"	"Drake/Scorpion/Drake_Scorpion_01-07_8 Out of 10.flac"
Drake	Scorpion	"That’s How You Feel"	"Drake/Scorpion/Drake_Scorpion_02-07_That’s How You Feel.flac"
Drake	Scorpion	"Mob Ties"	"Drake/Scorpion (2018)/Digital Media 01/Drake - Scorpion - 08 - Mob Ties.flac"
Drake	Scorpion	"Mob Ties"	"Drake/Scorpion/Drake_Scorpion_01-08_Mob Ties.flac"
Drake	Scorpion	"In My Feelings"	"Drake/Scorpion (2018)/Digital Media 02/Drake - Scorpion - 09 - In My Feelings.flac"
Drake	Scorpion	"In My Feelings"	"Drake/Scorpion/Drake_Scorpion_02-09_In My Feelings.flac"
Drake	Scorpion	"Sandra’s Rose"	"Drake/Scorpion/Drake_Scorpion_01-10_Sandra’s Rose.flac"
Drake	Scorpion	"Don’t Matter to Me"	"Drake/Scorpion/Drake_Scorpion_02-10_Don’t Matter to Me.flac"
Drake	"Take Care"	Headlines	"Drake/Take Care/Drake_Take Care_03_Headlines.flac"
Drake	"Take Care"	"Take Care"	"Drake/Take Care/Drake_Take Care_05_Take Care.flac"
Drake	"Thank Me Later"	"The Resistance"	"Drake/Thank Me Later/Drake_Thank Me Later_03_The Resistance.flac"
Drake	"Toosie Slide"	"Toosie Slide"	"Drake/Toosie Slide/Drake_Toosie Slide_01_Toosie Slide.flac"
Drake	Views	9	Drake/Views/Drake_Views_02_9.flac
Drake	Views	"Still Here"	"Drake/Views/Drake_Views_10_Still Here.flac"
Drake	Views	Controlla	"Drake/Views (2016)/Drake - Views - 11 - Controlla.flac"
Drake	Views	Controlla	Drake/Views/Drake_Views_11_Controlla.flac
Drake	Views	"One Dance"	"Drake/Views/Drake_Views_12_One Dance.flac"
Drake	Views	Grammys	Drake/Views/Drake_Views_13_Grammys.flac
Drake	Views	"Too Good"	"Drake/Views (2016)/Drake - Views - 16 - Too Good.flac"
Drake	Views	"Summers Over (interlude)"	"Drake/Views/Drake_Views_17_Summers Over (interlude).flac"
Drake	Views	"Fire & Desire"	"Drake/Views/Drake_Views_18_Fire & Desire.flac"
Drake	Views	Views	Drake/Views/Drake_Views_19_Views.flac
Drake	Views	"Hotline Bling"	"Drake/Views/Drake_Views_20_Hotline Bling.flac"
Drake	"What a Time to Be Alive"	Jumpman	"Drake/What a Time to Be Alive/Drake_What a Time to Be Alive_09_Jumpman.flac"
"Drake • Lil Durk"	"Laugh Now Cry Later"	"Laugh Now Cry Later"	"Drake/Laugh Now Cry Later (2020)/Drake - Laugh Now Cry Later - 01 - Laugh Now Cry Later.flac"
"Earl Sweatshirt"	Doris	Whoa	"Earl Sweatshirt/Doris/Earl Sweatshirt_Doris_13_Whoa.flac"
"Earl Sweatshirt"	"VOIR DIRE"	Sentry	"Earl Sweatshirt/VOIR DIRE/Earl Sweatshirt_VOIR DIRE_03_Sentry.flac"
"Earl Sweatshirt"	"VOIR DIRE"	"Free the Ruler"	"Earl Sweatshirt/VOIR DIRE/Earl Sweatshirt_VOIR DIRE_11_Free the Ruler.flac"
"Eazy‐E"	"Eazy‐Duz‐It"	"2 Hard Mutha’s"	"Eazy‐E/Eazy‐Duz‐It/Eazy‐E_Eazy‐Duz‐It_04_2 Hard Mutha’s.flac"
"Eazy‐E"	"Eazy‐Duz‐It"	"No More ?’s"	"Eazy‐E/Eazy‐Duz‐It/Eazy‐E_Eazy‐Duz‐It_10_No More !’s.flac"
"Eazy‐E"	"It’s On (Dr. Dre) 187um Killa"	"Real Muthaphuckkin G’s"	"Eazy‐E/It’s On (Dr. Dre) 187um Killa/Eazy‐E_It’s On (Dr. Dre) 187um Killa_02_Real Muthaphuckkin G’s.flac"
"Eazy‐E"	"It’s On (Dr. Dre) 187um Killa"	"Any Last Werdz"	"Eazy‐E/It’s On (Dr. Dre) 187um Killa/Eazy‐E_It’s On (Dr. Dre) 187um Killa_03_Any Last Werdz.flac"
"Elton John"	"Goodbye Yellow Brick Road"	"Grey Seal"	"Elton John/Goodbye Yellow Brick Road (1973)/Elton John - Goodbye Yellow Brick Road - 06 - Grey Seal.flac"
Eminem	"Lose Yourself"	"Lose Yourself"	"Eminem/Lose Yourself/Eminem_Lose Yourself_01_Lose Yourself.flac"
Eminem	Stan	"Stan (Radio Edit)"	"Eminem/Stan (2000)/Eminem - Stan - 01 - Stan (radio edit).flac"
Eminem	"The Marshall Mathers LP 2"	"Rap God"	"Eminem/The Marshall Mathers LP 2/Eminem_The Marshall Mathers LP 2_09_Rap God.flac"
"Flo Milli"	"Fine Ho, Stay"	"Never Lose Me"	"Flo Milli/Fine Ho, Stay/Flo Milli_Fine Ho, Stay_14_Never Lose Me.flac"
"Flying Lotus"	Cosmogramma	"…and the World Laughs With You"	"Flying Lotus/Cosmogramma/Flying Lotus_Cosmogramma_07_…and the World Laughs With You.flac"
"Flying Lotus"	Cosmogramma	MmmHmm	"Flying Lotus/Cosmogramma/Flying Lotus_Cosmogramma_09_MmmHmm.flac"
"Flying Lotus"	"Spirit Box"	Garmonbozia	"Flying Lotus/Spirit Box (2024)/Flying Lotus - Spirit Box - 02 - Garmonbozia.flac"
"Flying Lotus"	"Spirit Box"	"Let Me Cook"	"Flying Lotus/Spirit Box (2024)/Flying Lotus - Spirit Box - 03 - Let Me Cook.flac"
"Flying Lotus"	"You’re Dead!"	Tesla	"Flying Lotus/You’re Dead!/Flying Lotus_You’re Dead!_02_Tesla.flac"
"Flying Lotus"	"You’re Dead!"	"Cold Dead"	"Flying Lotus/You’re Dead!/Flying Lotus_You’re Dead!_03_Cold Dead.flac"
"Flying Lotus"	"You’re Dead!"	"Never Catch Me"	"Flying Lotus/You’re Dead!/Flying Lotus_You’re Dead!_05_Never Catch Me.flac"
"Frank Ocean"	Blonde	"Pink + White"	"Frank Ocean/Blonde (2016)/Frank Ocean - Blonde - 03 - Pink + White.flac"
"Frank Ocean"	Blonde	"Pink + White"	"Frank Ocean/Blonde/Frank Ocean_Blonde_03_Pink + White.flac"
"Frank Ocean"	Blonde	"White Ferrari"	"Frank Ocean/Blonde/Frank Ocean_Blonde_14_White Ferrari.flac"
"Freddie Gibbs"	"$oul $old $eparately"	"Feel No Pain"	"Freddie Gibbs/$oul $old $eparately/Freddie Gibbs_$oul $old $eparately_08_Feel No Pain.flac"
"Freddie Gibbs"	Alfredo	"Scottie Beam"	"Freddie Gibbs/Alfredo/Freddie Gibbs_Alfredo_03_Scottie Beam.flac"
"Freddie Gibbs"	Alfredo	"Something to Rap About"	"Freddie Gibbs/Alfredo/Freddie Gibbs_Alfredo_06_Something to Rap About.flac"
"Freddie Gibbs"	Alfredo	"Skinny Suge"	"Freddie Gibbs/Alfredo/Freddie Gibbs_Alfredo_09_Skinny Suge.flac"
"Freddie Gibbs"	"Alfredo 2"	1995	"Freddie Gibbs/Alfredo 2/Freddie Gibbs_Alfredo 2_01-01_1995.flac"
"Freddie Gibbs"	"Alfredo 2"	"I Still Love H.E.R."	"Freddie Gibbs/Alfredo 2/Freddie Gibbs_Alfredo 2_02-01_I Still Love H.E.R.flac"
"Freddie Gibbs"	"Alfredo 2"	"Mar‐a‐Lago"	"Freddie Gibbs/Alfredo 2/Freddie Gibbs_Alfredo 2_01-02_Mar‐a‐Lago.flac"
"Freddie Gibbs"	"Alfredo 2"	"Lemon Pepper Steppers"	"Freddie Gibbs/Alfredo 2/Freddie Gibbs_Alfredo 2_01-03_Lemon Pepper Steppers.flac"
"Freddie Gibbs"	"Alfredo 2"	"Gas Station Sushi"	"Freddie Gibbs/Alfredo 2/Freddie Gibbs_Alfredo 2_02-03_Gas Station Sushi.flac"
"Freddie Gibbs"	"Alfredo 2"	Ensalada	"Freddie Gibbs/Alfredo 2/Freddie Gibbs_Alfredo 2_01-04_Ensalada.flac"
"Freddie Gibbs"	"Alfredo 2"	"Skinny Suge II"	"Freddie Gibbs/Alfredo 2/Freddie Gibbs_Alfredo 2_01-06_Skinny Suge II.flac"
"Freddie Gibbs"	"Alfredo 2"	"Jean Claude"	"Freddie Gibbs/Alfredo 2/Freddie Gibbs_Alfredo 2_02-06_Jean Claude.flac"
"Freddie Gibbs"	"Alfredo 2"	Feeling	"Freddie Gibbs/Alfredo 2/Freddie Gibbs_Alfredo 2_01-07_Feeling.flac"
"Freddie Gibbs"	"Shadow of a Doubt"	"Forever and a Day"	"Freddie Gibbs/Shadow of a Doubt/Freddie Gibbs_Shadow of a Doubt_12_Forever and a Day.flac"
"Freddie Gibbs"	"The Labels Tryin to Kill Me!"	"Bring Me Down"	"Freddie Gibbs/The Labels Tryin to Kill Me!/Freddie Gibbs_The Labels Tryin to Kill Me!_22_Bring Me Down.mp3"
"French Montana"	"Jungle Rules"	Unforgettable	"French Montana/Jungle Rules/French Montana_Jungle Rules_02_Unforgettable.flac"
Fugees	"Bootleg Versions"	"Love Will Be on Your Side (The Fugees (Refugee Camp) re‐mix)"	"Fugees/Bootleg Versions/Fugees_Bootleg Versions_14_Love Will Be on Your Side (The Fugees (Refugee Camp) re‐mix).flac"
Future	"56 Nights"	"March Madness"	"Future/56 Nights/Future_56 Nights_07_March Madness.flac"
Future	DS2	"I Serve the Base"	"Future/DS2/Future_DS2_02_I Serve the Base.flac"
Future	DS2	"The Percocet & Stripper Joint"	"Future/DS2/Future_DS2_15_The Percocet & Stripper Joint.flac"
Future	"Dirty Sprite"	Conceited	"Future/Dirty Sprite/Future_Dirty Sprite_10_Conceited.flac"
Future	HNDRXX	Solo	"Future/HNDRXX (2017)/Future - HNDRXX - 16 - Solo.flac"
Future	HNDRXX	Solo	Future/HNDRXX/Future_HNDRXX_16_Solo.flac
Future	Monster	"Mad Luv"	"Future/Monster/Future_Monster_12_Mad Luv.flac"
Future	"WAIT FOR U"	"WAIT FOR U"	"Future/WAIT FOR U/Future_WAIT FOR U_01_WAIT FOR U.flac"
Future	"WE STILL DON’T TRUST YOU"	"Drink n Dance"	"Future/WE STILL DON’T TRUST YOU/Future_WE STILL DON’T TRUST YOU_01-02_Drink n Dance.flac"
Future	"WE STILL DON’T TRUST YOU"	"Show of Hands"	"Future/WE STILL DON’T TRUST YOU/Future_WE STILL DON’T TRUST YOU_02-06_Show of Hands.flac"
Future	"WE STILL DON’T TRUST YOU"	Overload	"Future/WE STILL DON’T TRUST YOU/Future_WE STILL DON’T TRUST YOU_01-13_Overload.flac"
Future	"WE STILL DON’T TRUST YOU"	Gracious	"Future/WE STILL DON’T TRUST YOU/Future_WE STILL DON’T TRUST YOU_01-14_Gracious.flac"
"G Style"	"Season Opener"	"Drive Slow"	"Curren$y/Season Opener/Curren$y_Season Opener_13_Drive Slow.flac"
GoldLink	"At What Cost"	"Have You Seen That Girl?"	"GoldLink/At What Cost/GoldLink_At What Cost_03_Have You Seen That Girl.flac"
GoldLink	"At What Cost"	Summatime	"GoldLink/At What Cost/GoldLink_At What Cost_07_Summatime.flac"
GoldLink	"At What Cost"	"The Parable of the Rich Man"	"GoldLink/At What Cost/GoldLink_At What Cost_09_The Parable of the Rich Man.flac"
GoldLink	"At What Cost"	"Some Girl"	"GoldLink/At What Cost/GoldLink_At What Cost_13_Some Girl.flac"
GoldLink	Diaspora	"Days Like This"	"GoldLink/Diaspora/GoldLink_Diaspora_04_Days Like This.flac"
GoldLink	Diaspora	Cokewhite	GoldLink/Diaspora/GoldLink_Diaspora_07_Cokewhite.flac
"Gucci Mane"	"Evil Genius"	"Wake Up in the Sky"	"Gucci Mane/Evil Genius/Gucci Mane_Evil Genius_11_Wake Up in the Sky.flac"
"Gucci Mane"	"The White Album"	"Brand New"	"Gucci Mane/The White Album/Gucci Mane_The White Album_02_Brand New.flac"
Gunna	"Gunna: A Gift & A Curse Setlist"	"P Power (feat. Drake)"	"Gunna/Gunna - A Gift & A Curse Setlist/Gunna_Gunna - A Gift & A Curse Setlist_08_P Power (feat. Drake).flac"
Gunna	"One of Wun"	collage	"Gunna/One of Wun/Gunna_One of Wun_01_collage.flac"
Gunna	"One of Wun"	"one of wun"	"Gunna/One of Wun/Gunna_One of Wun_02_one of wun.flac"
Gunna	"One of Wun"	"neck on a yacht"	"Gunna/One of Wun/Gunna_One of Wun_03_neck on a yacht.flac"
Gunna	"One of Wun"	"hakuna matata"	"Gunna/One of Wun/Gunna_One of Wun_05_hakuna matata.flac"
Gunna	"One of Wun"	"back in the a"	"Gunna/One of Wun/Gunna_One of Wun_09_back in the a.flac"
Gunna	"One of Wun"	trio	"Gunna/One of Wun/Gunna_One of Wun_10_trio.flac"
Gunna	"One of Wun"	conscience	"Gunna/One of Wun/Gunna_One of Wun_15_conscience.flac"
Gunna	"The Last Wun"	wgft	"Gunna/The Last Wun/Gunna_The Last Wun_09_wgft.flac"
Gunna	WUNNA	"DOLLAZ ON MY HEAD"	"Gunna/WUNNA/Gunna_WUNNA_05_DOLLAZ ON MY HEAD.flac"
"Hot Chocolate"	"You Sexy Thing"	"You Sexy Thing"	"Hot Chocolate/You Sexy Thing/Hot Chocolate_You Sexy Thing_01_You Sexy Thing.flac"
"House Of Pain"	"Fed Up"	"Fed Up (Album Version)"	"House of Pain/Fed Up (1996)/House of Pain - Fed Up - 01 - Fed Up (album version).flac"
IDK	CLOVER	CLOVER	IDK/CLOVER/IDK_CLOVER_01_CLOVER.flac
"Internet Money"	"B4 the Storm"	Lemonade	"Internet Money/B4 the Storm/Internet Money_B4 the Storm_17_Lemonade.mp3"
"Isaiah Rashad"	"The House Is Burning"	"9-3 Freestyle"	"Isaiah Rashad/The House Is Burning/Isaiah Rashad_The House Is Burning_13_9-3 Freestyle.flac"
"Isaiah Rashad"	"The Sun’s Tirade"	"Wat’s Wrong"	"Isaiah Rashad/The Sun’s Tirade/Isaiah Rashad_The Sun’s Tirade_05_Wat’s Wrong.flac"
J-88	"Best Kept Secret"	"The Look of Love, Pt. 1"	"Slum Village/J‐88/Slum Village_J‐88_02_The Look of Love, Pt. 1.flac"
"J. Cole"	"2014 Forest Hills Drive"	Intro	"J. Cole/2014 Forest Hills Drive/J. Cole_2014 Forest Hills Drive_01_Intro.flac"
"J. Cole"	"2014 Forest Hills Drive"	"January 28th"	"J. Cole/2014 Forest Hills Drive/J. Cole_2014 Forest Hills Drive_02_January 28th.flac"
"J. Cole"	"2014 Forest Hills Drive"	"Wet Dreamz"	"J. Cole/2014 Forest Hills Drive/J. Cole_2014 Forest Hills Drive_03_Wet Dreamz.flac"
"J. Cole"	"2014 Forest Hills Drive"	"03’ Adolescence"	"J. Cole/2014 Forest Hills Drive/J. Cole_2014 Forest Hills Drive_04_03' Adolescence.flac"
"J. Cole"	"2014 Forest Hills Drive"	"A Tale of 2 Citiez"	"J. Cole/2014 Forest Hills Drive/J. Cole_2014 Forest Hills Drive_05_A Tale of 2 Citiez.flac"
"J. Cole"	"2014 Forest Hills Drive"	"St. Tropez"	"J. Cole/2014 Forest Hills Drive/J. Cole_2014 Forest Hills Drive_07_St. Tropez.flac"
"J. Cole"	"2014 Forest Hills Drive"	G.O.M.D.	"J. Cole/2014 Forest Hills Drive/J. Cole_2014 Forest Hills Drive_08_G.O.M.D.flac"
"J. Cole"	"2014 Forest Hills Drive"	"No Role Modelz"	"J. Cole/2014 Forest Hills Drive/J. Cole_2014 Forest Hills Drive_09_No Role Modelz.flac"
"J. Cole"	"2014 Forest Hills Drive"	Hello	"J. Cole/2014 Forest Hills Drive/J. Cole_2014 Forest Hills Drive_10_Hello.flac"
"J. Cole"	"2014 Forest Hills Drive"	"Love Yourz"	"J. Cole/2014 Forest Hills Drive/J. Cole_2014 Forest Hills Drive_12_Love Yourz.flac"
"J. Cole"	"2014 Forest Hills Drive"	"Note to Self"	"J. Cole/2014 Forest Hills Drive/J. Cole_2014 Forest Hills Drive_13_Note to Self.flac"
"J. Cole"	"4 Your Eyez Only"	"Ville Mentality"	"J. Cole/4 Your Eyez Only/J. Cole_4 Your Eyez Only_04_Ville Mentality.flac"
"J. Cole"	"4 Your Eyez Only"	"She’s Mine, Pt. 1"	"J. Cole/4 Your Eyez Only/J. Cole_4 Your Eyez Only_05_She’s Mine, Pt. 1.flac"
"J. Cole"	"4 Your Eyez Only"	Neighbors	"J. Cole/4 Your Eyez Only/J. Cole_4 Your Eyez Only_07_Neighbors.flac"
"J. Cole"	"4 Your Eyez Only"	"She’s Mine, Pt. 2"	"J. Cole/4 Your Eyez Only/J. Cole_4 Your Eyez Only_09_She’s Mine, Pt. 2.flac"
"J. Cole"	"4 Your Eyez Only"	"4 Your Eyez Only"	"J. Cole/4 Your Eyez Only/J. Cole_4 Your Eyez Only_10_4 Your Eyez Only.flac"
"J. Cole"	"Any Given Sunday #1"	"Like a Star"	"J. Cole/Any Given Sunday #1/J. Cole_Any Given Sunday #1_01_Like a Star.mp3"
"J. Cole"	"Born Sinner"	"Power Trip"	"J. Cole/Born Sinner/J. Cole_Born Sinner_01-04_Power Trip.flac"
"J. Cole"	"Born Sinner"	"Sparks Will Fly"	"J. Cole/Born Sinner/J. Cole_Born Sinner_02-05_Sparks Will Fly.flac"
"J. Cole"	"Born Sinner"	"She Knows"	"J. Cole/Born Sinner/J. Cole_Born Sinner_01-08_She Knows.flac"
"J. Cole"	"Friday Night Lights"	2Face	"J. Cole/Friday Night Lights/J. Cole_Friday Night Lights_11_2Face.flac"
"J. Cole"	KOD	Intro	"J. Cole/KOD/J. Cole_KOD_01_Intro.flac"
"J. Cole"	KOD	KOD	"J. Cole/KOD (2018)/J. Cole - KOD - 02 - KOD.flac"
"J. Cole"	KOD	KOD	"J. Cole/KOD/J. Cole_KOD_02_KOD.flac"
"J. Cole"	KOD	Photograph	"J. Cole/KOD (2018)/J. Cole - KOD - 03 - Photograph.flac"
"J. Cole"	KOD	"The Cut Off"	"J. Cole/KOD/J. Cole_KOD_04_The Cut Off.flac"
"J. Cole"	KOD	ATM	"J. Cole/KOD/J. Cole_KOD_05_ATM.flac"
"J. Cole"	KOD	Motiv8	"J. Cole/KOD/J. Cole_KOD_06_Motiv8.flac"
"J. Cole"	KOD	"Kevin’s Heart"	"J. Cole/KOD/J. Cole_KOD_07_Kevin’s Heart.flac"
"J. Cole"	KOD	BRACKETS	"J. Cole/KOD/J. Cole_KOD_08_BRACKETS.flac"
"J. Cole"	KOD	"Once an Addict (interlude)"	"J. Cole/KOD/J. Cole_KOD_09_Once an Addict (interlude).flac"
"J. Cole"	KOD	FRIENDS	"J. Cole/KOD/J. Cole_KOD_10_FRIENDS.flac"
"J. Cole"	KOD	"Window Pain (outro)"	"J. Cole/KOD/J. Cole_KOD_11_Window Pain (outro).flac"
"J. Cole"	"Power Trip"	"Power Trip"	"J. Cole/Power Trip/J. Cole_Power Trip_01_Power Trip.m4a"
"J. Cole"	"The Come Up Mixtape Vol. 1"	"Quote Me"	"J. Cole/The Come Up Mixtape Vol. 1/J. Cole_The Come Up Mixtape Vol. 1_07_Quote Me.flac"
"J. Cole"	"The Come Up Mixtape Vol. 1"	"The Come Up"	"J. Cole/The Come Up Mixtape Vol. 1/J. Cole_The Come Up Mixtape Vol. 1_10_The Come Up.flac"
"J. Cole"	"The Come Up Mixtape Vol. 1"	"Dead Presidents"	"J. Cole/The Come Up Mixtape Vol. 1/J. Cole_The Come Up Mixtape Vol. 1_12_Dead Presidents.flac"
"J. Cole"	"The Come Up Mixtape Vol. 1"	Homecoming	"J. Cole/The Come Up Mixtape Vol. 1/J. Cole_The Come Up Mixtape Vol. 1_13_Homecoming.flac"
"J. Cole"	"The Come Up Mixtape Vol. 1"	"Goin Off"	"J. Cole/The Come Up Mixtape Vol. 1/J. Cole_The Come Up Mixtape Vol. 1_16_Goin Off.flac"
"J. Cole"	"The Come Up Mixtape Vol. 1"	"I Do My Thing"	"J. Cole/The Come Up Mixtape Vol. 1/J. Cole_The Come Up Mixtape Vol. 1_18_I Do My Thing.flac"
"J. Cole"	"The Fall‐Off"	"Two Six"	"J. Cole/The Fall-Off/J. Cole_The Fall-Off_01-02_Two Six.flac"
"J. Cole"	"The Fall‐Off"	"The Fall-Off is Inevitable"	"J. Cole/The Fall-Off/J. Cole_The Fall-Off_02-02_The Fall-Off is Inevitable.flac"
"J. Cole"	"The Fall‐Off"	SAFETY	"J. Cole/The Fall-Off/J. Cole_The Fall-Off_01-03_SAFETY.flac"
"J. Cole"	"The Fall‐Off"	"Run a Train"	"J. Cole/The Fall-Off/J. Cole_The Fall-Off_01-04_Run a Train.flac"
"J. Cole"	"The Fall‐Off"	"Poor Thang"	"J. Cole/The Fall-Off/J. Cole_The Fall-Off_01-05_Poor Thang.flac"
"J. Cole"	"The Fall‐Off"	Legacy	"J. Cole/The Fall-Off/J. Cole_The Fall-Off_01-06_Legacy.flac"
"J. Cole"	"The Fall‐Off"	"What If"	"J. Cole/The Fall-Off/J. Cole_The Fall-Off_02-09_What If.flac"
"J. Cole"	"The Warm Up"	Dreams	"J. Cole/The Warm Up/J. Cole_The Warm Up_10_Dreams.flac"
"J. Cole"	"Truly Yours"	"Stay (2009)"	"J. Cole/Truly Yours/J. Cole_Truly Yours_05_Stay (2009).flac"
"J. Cole"	"Truly Yours, J. Cole"	Stay	"J. Cole/Truly Yours, J. Cole/J. Cole_Truly Yours, J. Cole_05_Stay.flac"
"J. Cole"	"Truly Yours, J. Cole"	"Cheer Up"	"J. Cole/Truly Yours, J. Cole/J. Cole_Truly Yours, J. Cole_18_Cheer Up.flac"
"J. Cole"	cLOUDs	cLOUDs	"J. Cole/cLOUDs/J. Cole_cLOUDs_01_cLOUDs.flac"
JACKBOYS	JACKBOYS	"OUT WEST"	"JACKBOYS/JACKBOYS/JACKBOYS_JACKBOYS_05_OUT WEST.flac"
JAY-Z	"In My Lifetime Vol.1"	"Friend Or Foe '98"	"JAY‐Z/In My Lifetime, Vol. 1 (1997)/JAY‐Z - In My Lifetime, Vol. 1 - 06 - Friend Or Foe ’98.flac"
"JAY‐Z"	"The Blueprint 3"	"Real as It Gets"	"JAY‐Z/The Blueprint 3/JAY‐Z_The Blueprint 3_06_Real as It Gets.flac"
"JAŸ-Z"	"The Blueprint"	"Hola’ Hovito"	"JAY‐Z/The Blueprint/JAY‐Z_The Blueprint_07_Hola’ Hovito.flac"
JID	"GDLU: The Preluxe"	"Knew Better"	"JID/GDLU - The Preluxe/JID_GDLU - The Preluxe_02_Knew Better.flac"
JPEGMAFIA	Veteran	"1539 N. Calvert"	"JPEGMAFIA/Veteran/JPEGMAFIA_Veteran_01_1539 N. Calvert.flac"
"Jay Rock • Kendrick Lamar • Future • James Blake"	"King's Dead"	"King's Dead"	"Jay Rock/King’s Dead (2018)/Jay Rock - King’s Dead - 01 - King's Dead.flac"
Jay-Z	"Watch the Throne"	"Lift Off"	"JAY‐Z/Watch the Throne/JAY‐Z_Watch the Throne_02_Lift Off.flac"
Jay-Z	"Watch the Throne"	"Niggas in Paris"	"JAY‐Z/Watch the Throne/JAY‐Z_Watch the Throne_03_Niggas in Paris.flac"
Jay-Z	"Watch the Throne"	Otis	"JAY‐Z/Watch the Throne/JAY‐Z_Watch the Throne_04_Otis.flac"
Jeezy	"Go Crazy"	"Lose My Mind"	"Jeezy/Go Crazy/Jeezy_Go Crazy_03_Lose My Mind.flac"
"Joe Henderson"	"Inner Urge"	"Inner Urge"	"Joe Henderson/Inner Urge (1965)/Joe Henderson - Inner Urge - 01 - Inner Urge.flac"
"Joey Bada$$"	1999	Waves	"Joey Bada$$/1999 (2018)/Joey Bada$$ - 1999 - 02 - Waves.mp3"
"Joey Bada$$"	2000	"Head High"	"Joey Bada$$/2000/Joey Bada$$_2000_12_Head High.flac"
"Joey Bada$$"	"Head High"	"Head High"	"Joey Bada$$/Head High/Joey Bada$$_Head High_01_Head High.flac"
"Joey Bada$$"	"Love Is Only a Feeling"	"Love Is Only a Feeling"	"Joey Bada$$/Love Is Only a Feeling/Joey Bada$$_Love Is Only a Feeling_01_Love Is Only a Feeling.flac"
"Joey Bada$$, Capital Steez"	1999	"Survival Tactics"	"Joey Bada$$/1999 (2018)/Joey Bada$$ - 1999 - 04 - Survival Tactics.mp3"
"Joey Bada$$, Chuck Strangers"	1999	FromdaTomb$	"Joey Bada$$/1999 (2018)/Joey Bada$$ - 1999 - 03 - FromdaTomb$.mp3"
"John Lennon"	"The Complete Lost Lennon Tapes - Volume 19 & 20"	Imagine	"John Lennon/The Complete Lost Lennon Tapes - Volume 19 & 20/John Lennon_The Complete Lost Lennon Tapes - Volume 19 & 20_01-20_Imagine.flac"
"Juice WRLD"	"Legends Never Die"	Titanic	"Juice WRLD/Legends Never Die/Juice WRLD_Legends Never Die_03_Titanic.flac"
KAYTRANADA	"Kaytra Todo"	"All We Do"	"KAYTRANADA/Kaytra Todo/KAYTRANADA_Kaytra Todo_07_All We Do.flac"
"Kamasi Washington"	"Lazarus (Adult Swim Original Series Soundtrack)"	Vortex	"Kamasi Washington/Lazarus (Adult Swim Original Series Soundtrack)/Kamasi Washington_Lazarus (Adult Swim Original Series Soundtrack)_02_Vortex.flac"
"Kanye West"	"The College Dropout"	"We Don't Care"	"Ye/The College Dropout (2004)/Ye - The College Dropout - 02 - We Don’t Care.mp3"
"Kanye West"	"The College Dropout"	"All Falls Down"	"Ye/The College Dropout (2004)/Ye - The College Dropout - 04 - All Falls Down.mp3"
"Kanye West"	"The College Dropout"	"The New Workout Plan"	"Ye/The College Dropout (2004)/Ye - The College Dropout - 11 - The New Workout Plan.mp3"
"Kanye West"	"The College Dropout"	"Breathe In Breathe Out"	"Ye/The College Dropout (2004)/Ye - The College Dropout - 13 - Breathe In, Breathe Out.mp3"
"Kanye West"	"The College Dropout"	"Two Words"	"Ye/The College Dropout (2004)/Ye - The College Dropout - 18 - Two Words.mp3"
"Kanye West"	"The College Dropout"	"Last Call"	"Ye/The College Dropout (2004)/Ye - The College Dropout - 21 - Last Call.mp3"
"Ken Carson"	"A Great Chaos"	"Jennifer’s Body"	"Ken Carson/A Great Chaos/Ken Carson_A Great Chaos_02_Jennifer’s Body.flac"
"Ken Carson"	"A Great Chaos"	"Fighting My Demons"	"Ken Carson/A Great Chaos/Ken Carson_A Great Chaos_03_Fighting My Demons.flac"
"Ken Carson"	"A Great Chaos"	Singapore	"Ken Carson/A Great Chaos/Ken Carson_A Great Chaos_04_Singapore.flac"
"Ken Carson"	"A Great Chaos"	Succubus	"Ken Carson/A Great Chaos/Ken Carson_A Great Chaos_09_Succubus.flac"
"Ken Carson"	"A Great Chaos"	"i need u"	"Ken Carson/A Great Chaos/Ken Carson_A Great Chaos_18_i need u.flac"
"Ken Carson"	"More Chaos"	"Blakk Rokkstar"	"Ken Carson/More Chaos/Ken Carson_More Chaos_07_Blakk Rokkstar.flac"
"Ken Carson"	"More Chaos"	Inferno	"Ken Carson/More Chaos/Ken Carson_More Chaos_17_Inferno.flac"
"Ken Carson"	"Project X"	"Rock N Roll"	"Ken Carson/Project X/Ken Carson_Project X_02_Rock N Roll.flac"
"Ken Carson"	overseas	overseas	"Ken Carson/overseas/Ken Carson_overseas_01_overseas.flac"
"Kendrick Lamar"	"6:16 in LA"	"6:16 in LA"	"Kendrick Lamar/6-16 in LA/Kendrick Lamar_6-16 in LA_01_6-16 in LA.flac"
"Kendrick Lamar"	DAMN.	DNA.	"Kendrick Lamar/DAMN/Kendrick Lamar_DAMN._02_DNA.flac"
"Kendrick Lamar"	DAMN.	YAH.	"Kendrick Lamar/DAMN/Kendrick Lamar_DAMN._03_YAH.flac"
"Kendrick Lamar"	DAMN.	ELEMENT.	"Kendrick Lamar/DAMN/Kendrick Lamar_DAMN._04_ELEMENT.flac"
"Kendrick Lamar"	DAMN.	FEEL.	"Kendrick Lamar/DAMN/Kendrick Lamar_DAMN._05_FEEL.flac"
"Kendrick Lamar"	DAMN.	PRIDE.	"Kendrick Lamar/DAMN/Kendrick Lamar_DAMN._07_PRIDE.flac"
"Kendrick Lamar"	DAMN.	HUMBLE.	"Kendrick Lamar/DAMN/Kendrick Lamar_DAMN._08_HUMBLE.flac"
"Kendrick Lamar"	DAMN.	LUST.	"Kendrick Lamar/DAMN/Kendrick Lamar_DAMN._09_LUST.flac"
"Kendrick Lamar"	DAMN.	XXX.	"Kendrick Lamar/DAMN/Kendrick Lamar_DAMN._11_XXX.flac"
"Kendrick Lamar"	DAMN.	FEAR.	"Kendrick Lamar/DAMN/Kendrick Lamar_DAMN._12_FEAR.flac"
"Kendrick Lamar"	DAMN.	GOD.	"Kendrick Lamar/DAMN/Kendrick Lamar_DAMN._13_GOD.flac"
"Kendrick Lamar"	DAMN.	DUCKWORTH.	"Kendrick Lamar/DAMN/Kendrick Lamar_DAMN._14_DUCKWORTH.flac"
"Kendrick Lamar"	Damn	Duckworth	"Kendrick Lamar/DAMN. (2017)/Kendrick Lamar - DAMN. - 01 - DUCKWORTH.flac"
"Kendrick Lamar"	Damn	Fear	"Kendrick Lamar/DAMN. (2017)/Kendrick Lamar - DAMN. - 03 - FEAR.flac"
"Kendrick Lamar"	Damn	"XXX (Feat. U2)"	"Kendrick Lamar/DAMN. (2017)/Kendrick Lamar - DAMN. - 04 - XXX.flac"
"Kendrick Lamar"	Damn	Pride	"Kendrick Lamar/DAMN. (2017)/Kendrick Lamar - DAMN. - 08 - PRIDE.flac"
"Kendrick Lamar"	Damn	Feel	"Kendrick Lamar/DAMN. (2017)/Kendrick Lamar - DAMN. - 10 - FEEL.flac"
"Kendrick Lamar"	Damn	Yah	"Kendrick Lamar/DAMN. (2017)/Kendrick Lamar - DAMN. - 12 - YAH.flac"
"Kendrick Lamar"	GNX	"squabble up"	"Kendrick Lamar/GNX/Kendrick Lamar_GNX_02_squabble up.flac"
"Kendrick Lamar"	GNX	luther	"Kendrick Lamar/GNX/Kendrick Lamar_GNX_03_luther.flac"
"Kendrick Lamar"	GNX	peekaboo	"Kendrick Lamar/GNX/Kendrick Lamar_GNX_09_peekaboo.flac"
"Kendrick Lamar"	"Mr. Morale & the Big Steppers"	"United in Grief"	"Kendrick Lamar/Mr. Morale & the Big Steppers/Kendrick Lamar_Mr. Morale & the Big Steppers_01-01_United in Grief.flac"
"Kendrick Lamar"	"Mr. Morale & the Big Steppers"	"Count Me Out"	"Kendrick Lamar/Mr. Morale & the Big Steppers/Kendrick Lamar_Mr. Morale & the Big Steppers_02-01_Count Me Out.flac"
"Kendrick Lamar"	"Mr. Morale & the Big Steppers"	N95	"Kendrick Lamar/Mr. Morale & the Big Steppers/Kendrick Lamar_Mr. Morale & the Big Steppers_01-02_N95.flac"
"Kendrick Lamar"	"Mr. Morale & the Big Steppers"	"Worldwide Steppers"	"Kendrick Lamar/Mr. Morale & the Big Steppers/Kendrick Lamar_Mr. Morale & the Big Steppers_01-03_Worldwide Steppers.flac"
"Kendrick Lamar"	"Mr. Morale & the Big Steppers"	"Silent Hill"	"Kendrick Lamar/Mr. Morale & the Big Steppers/Kendrick Lamar_Mr. Morale & the Big Steppers_02-03_Silent Hill.flac"
"Kendrick Lamar"	"Mr. Morale & the Big Steppers"	"Die Hard"	"Kendrick Lamar/Mr. Morale & the Big Steppers/Kendrick Lamar_Mr. Morale & the Big Steppers_01-04_Die Hard.flac"
"Kendrick Lamar"	"Mr. Morale & the Big Steppers"	"Father Time"	"Kendrick Lamar/Mr. Morale & the Big Steppers/Kendrick Lamar_Mr. Morale & the Big Steppers_01-05_Father Time.flac"
"Kendrick Lamar"	"Mr. Morale & the Big Steppers"	Savior	"Kendrick Lamar/Mr. Morale & the Big Steppers/Kendrick Lamar_Mr. Morale & the Big Steppers_02-05_Savior.flac"
"Kendrick Lamar"	"Mr. Morale & the Big Steppers"	"Auntie Diaries"	"Kendrick Lamar/Mr. Morale & the Big Steppers/Kendrick Lamar_Mr. Morale & the Big Steppers_02-06_Auntie Diaries.flac"
"Kendrick Lamar"	"Mr. Morale & the Big Steppers"	"Rich (interlude)"	"Kendrick Lamar/Mr. Morale & the Big Steppers/Kendrick Lamar_Mr. Morale & the Big Steppers_01-06_Rich (interlude).flac"
"Kendrick Lamar"	"Mr. Morale & the Big Steppers"	"Rich Spirit"	"Kendrick Lamar/Mr. Morale & the Big Steppers/Kendrick Lamar_Mr. Morale & the Big Steppers_01-07_Rich Spirit.flac"
"Kendrick Lamar"	"Mr. Morale & the Big Steppers"	"We Cry Together"	"Kendrick Lamar/Mr. Morale & the Big Steppers/Kendrick Lamar_Mr. Morale & the Big Steppers_01-08_We Cry Together.flac"
"Kendrick Lamar"	"Mr. Morale & the Big Steppers"	"Purple Hearts"	"Kendrick Lamar/Mr. Morale & the Big Steppers/Kendrick Lamar_Mr. Morale & the Big Steppers_01-09_Purple Hearts.flac"
"Kendrick Lamar"	"Not Like Us"	"Not Like Us"	"Kendrick Lamar/Not Like Us/Kendrick Lamar_Not Like Us_01_Not Like Us.flac"
"Kendrick Lamar"	Section.80	"Ronald Reagan Era (His Evils)"	"Kendrick Lamar/Section.80/Kendrick Lamar_Section.80_07_Ronald Reagan Era (His Evils).flac"
"Kendrick Lamar"	"Swimming Pools (Drank)"	"Swimming Pools (Drank)"	"Kendrick Lamar/Swimming Pools (Drank) (2012)/Kendrick Lamar - Swimming Pools (Drank) - 01 - Swimming Pools (Drank).flac"
"Kendrick Lamar"	"Swimming Pools (Drank)"	"Swimming Pools (Drank) (album)"	"Kendrick Lamar/Swimming Pools (Drank)/Kendrick Lamar_Swimming Pools (Drank)_02_Swimming Pools (Drank) (album).flac"
"Kendrick Lamar"	"These Walls"	"These Walls"	"Kendrick Lamar/These Walls (2015)/Kendrick Lamar - These Walls - 01 - These Walls.flac"
"Kendrick Lamar"	"To Pimp a Butterfly"	"Wesley’s Theory"	"Kendrick Lamar/To Pimp a Butterfly/Kendrick Lamar_To Pimp a Butterfly_01_Wesley’s Theory.flac"
"Kendrick Lamar"	"To Pimp a Butterfly"	"King Kunta"	"Kendrick Lamar/To Pimp a Butterfly/Kendrick Lamar_To Pimp a Butterfly_03_King Kunta.flac"
"Kendrick Lamar"	"To Pimp a Butterfly"	u	"Kendrick Lamar/To Pimp a Butterfly/Kendrick Lamar_To Pimp a Butterfly_06_u.flac"
"Kendrick Lamar"	"To Pimp a Butterfly"	Alright	"Kendrick Lamar/To Pimp a Butterfly/Kendrick Lamar_To Pimp a Butterfly_07_Alright.flac"
"Kendrick Lamar"	"To Pimp a Butterfly"	Momma	"Kendrick Lamar/To Pimp a Butterfly/Kendrick Lamar_To Pimp a Butterfly_09_Momma.flac"
"Kendrick Lamar"	"To Pimp a Butterfly"	"Hood Politics"	"Kendrick Lamar/To Pimp a Butterfly/Kendrick Lamar_To Pimp a Butterfly_10_Hood Politics.flac"
"Kendrick Lamar"	"To Pimp a Butterfly"	i	"Kendrick Lamar/To Pimp a Butterfly/Kendrick Lamar_To Pimp a Butterfly_15_i.flac"
"Kendrick Lamar"	"To Pimp a Butterfly"	"Mortal Man"	"Kendrick Lamar/To Pimp a Butterfly/Kendrick Lamar_To Pimp a Butterfly_16_Mortal Man.flac"
"Kendrick Lamar"	"good kid, m.A.A.d city"	"Sherane a.k.a. Master Splinter’s Daughter"	"Kendrick Lamar/good kid, m.A.A.d city/Kendrick Lamar_good kid, m.A.A.d city_01-01_Sherane a.k.a. Master Splinter’s Daughter.flac"
"Kendrick Lamar"	"good kid, m.A.A.d city"	"Bitch, Don’t Kill My Vibe"	"Kendrick Lamar/good kid, m.A.A.d city/Kendrick Lamar_good kid, m.A.A.d city_01-02_Bitch, Don’t Kill My Vibe.flac"
"Kendrick Lamar"	"good kid, m.A.A.d city"	"Backseat Freestyle"	"Kendrick Lamar/good kid, m.A.A.d city/Kendrick Lamar_good kid, m.A.A.d city_01-03_Backseat Freestyle.flac"
"Kendrick Lamar"	"good kid, m.A.A.d city"	"The Art of Peer Pressure"	"Kendrick Lamar/good kid, m.A.A.d city/Kendrick Lamar_good kid, m.A.A.d city_01-04_The Art of Peer Pressure.flac"
"Kendrick Lamar"	"good kid, m.A.A.d city"	"Money Trees"	"Kendrick Lamar/good kid, m.A.A.d city/Kendrick Lamar_good kid, m.A.A.d city_01-05_Money Trees.flac"
"Kendrick Lamar"	"good kid, m.A.A.d city"	"Poetic Justice"	"Kendrick Lamar/good kid, m.A.A.d city/Kendrick Lamar_good kid, m.A.A.d city_01-06_Poetic Justice.flac"
"Kendrick Lamar"	"good kid, m.A.A.d city"	"good kid"	"Kendrick Lamar/good kid, m.A.A.d city/Kendrick Lamar_good kid, m.A.A.d city_01-07_good kid.flac"
"Kendrick Lamar"	"good kid, m.A.A.d city"	"m.A.A.d city"	"Kendrick Lamar/good kid, m.A.A.d city/Kendrick Lamar_good kid, m.A.A.d city_01-08_m.A.A.d city.flac"
"Kendrick Lamar"	"good kid, m.A.A.d city"	"Swimming Pools (Drank) (extended version)"	"Kendrick Lamar/good kid, m.A.A.d city/Kendrick Lamar_good kid, m.A.A.d city_01-09_Swimming Pools (Drank) (extended version).flac"
"Kendrick Lamar"	"good kid, m.A.A.d city"	"Sing About Me, I’m Dying of Thirst"	"Kendrick Lamar/good kid, m.A.A.d city/Kendrick Lamar_good kid, m.A.A.d city_01-10_Sing About Me, I’m Dying of Thirst.flac"
"Kendrick Lamar"	"good kid, m.A.A.d city"	Real	"Kendrick Lamar/good kid, m.A.A.d city/Kendrick Lamar_good kid, m.A.A.d city_01-11_Real.flac"
"Kendrick Lamar"	"untitled unmastered."	"untitled 02 | 06.23.2014."	"Kendrick Lamar/untitled unmastered. (2016)/Kendrick Lamar - untitled unmastered. - 02 - untitled 02 06.23.2014.flac"
"Kendrick Lamar"	"untitled unmastered."	"untitled 02 | 06.23.2014."	"Kendrick Lamar/untitled unmastered/Kendrick Lamar_untitled unmastered._02_untitled 02 06.23.2014.flac"
"Kendrick Lamar"	"untitled unmastered."	"untitled 03 | 05.28.2013."	"Kendrick Lamar/untitled unmastered/Kendrick Lamar_untitled unmastered._03_untitled 03 05.28.2013.flac"
"Kendrick Lamar"	"untitled unmastered."	"untitled 04 | 08.14.2014."	"Kendrick Lamar/untitled unmastered. (2016)/Kendrick Lamar - untitled unmastered. - 04 - untitled 04 08.14.2014.flac"
"Kendrick Lamar"	"untitled unmastered."	"untitled 05 | 09.21.2014."	"Kendrick Lamar/untitled unmastered. (2016)/Kendrick Lamar - untitled unmastered. - 05 - untitled 05 09.21.2014.flac"
"Kendrick Lamar"	"untitled unmastered."	"untitled 05 | 09.21.2014."	"Kendrick Lamar/untitled unmastered/Kendrick Lamar_untitled unmastered._05_untitled 05 09.21.2014.flac"
"Kendrick Lamar"	"untitled unmastered."	"untitled 07 | 2014 - 2016"	"Kendrick Lamar/untitled unmastered. (2016)/Kendrick Lamar - untitled unmastered. - 07 - untitled 07 2014 - 2016.flac"
"Kendrick Lamar"	"untitled unmastered."	"untitled 07 | 2014 - 2016"	"Kendrick Lamar/untitled unmastered/Kendrick Lamar_untitled unmastered._07_untitled 07 2014 - 2016.flac"
"Kendrick Lamar"	"untitled unmastered."	"untitled 08 | 09.06.2014."	"Kendrick Lamar/untitled unmastered/Kendrick Lamar_untitled unmastered._08_untitled 08 09.06.2014.flac"
"Kendrick Lamar • Baby Keem"	"The Hillbillies"	"The Hillbillies"	"Baby Keem/The Hillbillies (2023)/Baby Keem - The Hillbillies - 01 - The Hillbillies.flac"
"Kid Cudi"	"The Boy Who Flew to the Moon, Vol. 1"	"Pursuit of Happiness (Nightmare)"	"Kid Cudi/The Boy Who Flew to the Moon, Vol. 1/Kid Cudi_The Boy Who Flew to the Moon, Vol. 1_02_Pursuit of Happiness (Nightmare).flac"
Kidwild	"Distro Kid"	Redemption	"Kidwild/Distro Kid/Kidwild_Distro Kid_01_Redemption (feat. Nemzzz).flac"
"King Crimson"	"Epitaph / 21st Century Schizoid Man (single)"	"21st Century Schizoid-Man (single edit)"	"King Crimson/Epitaph + 21st Century Schizoid Man (1976)/King Crimson - Epitaph + 21st Century Schizoid Man - 02 - 21st Century Schizoid Man.mp3"
"King Crimson"	"In the Court of the Crimson King"	"21st Century Schizoid Man (including Mirrors)"	"King Crimson/In the Court of the Crimson King (1969)/King Crimson - In the Court of the Crimson King - 01 - 21st Century Schizoid Man (including Mirrors).flac"
"King Crimson"	"In the Court of the Crimson King"	"The Court of the Crimson King (including The Return of the Fire Witch and The Dance of the Puppets)"	"King Crimson/In the Court of the Crimson King (1969)/King Crimson - In the Court of the Crimson King - 05 - The Court of the Crimson King (including The Return of the Fire Witch and The Dance of the Puppets).flac"
"King Crimson"	"In the Wake of Poseidon"	"Pictures of a City"	"King Crimson/In the Wake of Poseidon/King Crimson_In the Wake of Poseidon_02_Pictures of a City.flac"
"King Crimson"	"One More Red Nightmare (KC50, Vol. 47)"	"One More Red Nightmare (Exposed) (Previously Unreleased)"	"King Crimson/One More Red Nightmare (exposed) (2019)/King Crimson - One More Red Nightmare (exposed) - 02 - One More Red Nightmare (exposed).flac"
"King Crimson"	Red	"Fallen Angel"	"King Crimson/Red (1974)/King Crimson - Red - 02 - Fallen Angel.flac"
"King Crimson"	Red	"One More Red Nightmare"	"King Crimson/Red (1974)/King Crimson - Red - 03 - One More Red Nightmare.flac"
"King Crimson"	Red	Providence	"King Crimson/Red (1974)/King Crimson - Red - 04 - Providence.flac"
"King Crimson"	"The Collectors’ King Crimson, Volume Ten"	"Improv: Warsaw"	"King Crimson/The Collectors’ King Crimson, Volume Ten/King Crimson_The Collectors’ King Crimson, Volume Ten_01-04_Improv - Warsaw.flac"
"King Von"	"Welcome to O'Block"	"Armed & Dangerous"	"King Von/Welcome to O'Block/King Von_Welcome to O'Block_01_Armed & Dangerous.flac"
"King Von"	"Welcome to O'Block"	"Gleesh Place"	"King Von/Welcome to O'Block/King Von_Welcome to O'Block_08_Gleesh Place.flac"
Knucks	"Studio Fit Riddim"	"Studio Fit Riddim"	"Knucks/Studio Fit Riddim/Knucks_Studio Fit Riddim_01_Studio Fit Riddim.flac"
"Kodak Black"	ZEZE	ZEZE	"Kodak Black/ZEZE/Kodak Black_ZEZE_01_ZEZE.flac"
"Kool & The Gang"	"Love & Understanding"	"Love & Understanding"	"Kool & the Gang/Love & Understanding (1976)/Kool & the Gang - Love & Understanding - 01 - Love & Understanding.flac"
"Kool & the Gang"	Celebrate!	"Celebration (single version)"	"Kool & the Gang/Celebrate!/Kool & the Gang_Celebrate!_09_Celebration (single version).flac"
"Kool & the Gang"	"Greatest Hits"	Cherish	"Kool & the Gang/Greatest Hits/Kool & the Gang_Greatest Hits_07_Cherish.flac"
"LAZER DIM 700"	"Laced max"	"Laced max"	"LAZER DIM 700/Laced max/LAZER DIM 700_Laced max_01_Laced max.flac"
"LAZER DIM 700 • Lazer Dim"	"hot streak"	"HOT TOPIC"	"LAZER DIM 700/hot streak (2023)/LAZER DIM 700 - hot streak - 07 - HOT TOPIC.flac"
LUCKI	"s*x m*ney dr*gs"	"No Bap"	"LUCKI/s-x m-ney dr-gs/LUCKI_s-x m-ney dr-gs_02_No Bap.flac"
"Larry June"	"The Great Escape"	"Orange Village"	"Larry June/The Great Escape/Larry June_The Great Escape_06_Orange Village.flac"
"Larry June"	"Trap Larry"	"Orange Man"	"Larry June/Trap Larry/Larry June_Trap Larry_03_Orange Man.flac"
"Lil Baby"	"It’s Only Me"	"Cost to Be Alive"	"Lil Baby/It’s Only Me/Lil Baby_It’s Only Me_15_Cost to Be Alive.flac"
"Lil Baby"	"Street Gossip"	"This Week"	"Lil Baby/Street Gossip/Lil Baby_Street Gossip_07_This Week.flac"
"Lil Nas X"	HOLIDAY	HOLIDAY	"Lil Nas X/HOLIDAY/Lil Nas X_HOLIDAY_01_HOLIDAY.flac"
"Lil Uzi Vert"	"Eternal Atake"	"Lo Mein"	"Lil Uzi Vert/Eternal Atake/Lil Uzi Vert_Eternal Atake_01-02_Lo Mein.flac"
"Lil Uzi Vert"	"Eternal Atake"	Homecoming	"Lil Uzi Vert/Eternal Atake/Lil Uzi Vert_Eternal Atake_01-06_Homecoming.flac"
"Lil Uzi Vert"	"Eternal Atake"	"Futsal Shuffle 2020"	"Lil Uzi Vert/Eternal Atake/Lil Uzi Vert_Eternal Atake_02-08_Futsal Shuffle 2020.flac"
"Lil Uzi Vert"	"Luv Is Rage 2"	"XO TOUR Llif3"	"Lil Uzi Vert/Luv Is Rage 2 (2017)/Lil Uzi Vert - Luv Is Rage 2 - 16 - XO TOUR Llif3.flac"
"Lil Uzi Vert"	"Luv Is Rage 2"	"XO TOUR Llif3"	"Lil Uzi Vert/Luv Is Rage 2/Lil Uzi Vert_Luv Is Rage 2_16_XO TOUR Llif3.flac"
"Lil Wayne"	"I Am Not a Human Being II"	"Love Me"	"Lil Wayne/I Am Not a Human Being II/Lil Wayne_I Am Not a Human Being II_11_Love Me.flac"
"Lil Wayne"	"Tha Carter IV"	"She Will"	"Lil Wayne/Tha Carter IV/Lil Wayne_Tha Carter IV_06_She Will.mp3"
"Lil Yachty"	"A Cold Sunday"	"A Cold Sunday"	"Lil Yachty/A Cold Sunday/Lil Yachty_A Cold Sunday_01_A Cold Sunday.flac"
"Lil Yachty"	"Hate Me"	"Hate Me"	"Lil Yachty/Hate Me/Lil Yachty_Hate Me_01_Hate Me.flac"
"Lil Yachty"	"Let’s Start Here."	"the ride-"	"Lil Yachty/Let’s Start Here/Lil Yachty_Let’s Start Here._02_the ride.flac"
"Lil Yachty"	"Let’s Start Here."	"WE SAW THE SUN!"	"Lil Yachty/Let’s Start Here/Lil Yachty_Let’s Start Here._07_WE SAW THE SUN!.flac"
"Lil Yachty"	"Let’s Start Here."	"IVE OFFICIALLY LOST ViSiON!!!!"	"Lil Yachty/Let’s Start Here/Lil Yachty_Let’s Start Here._09_IVE OFFICIALLY LOST ViSiON!!!!.flac"
"Lil Yachty"	Murda	Murda	"Lil Yachty/Murda/Lil Yachty_Murda_01_Murda.flac"
"Little Brother"	"The Listening"	"Away From Me"	"Little Brother/The Listening/Little Brother_The Listening_14_Away From Me.flac"
"Little Brother"	"The Minstrel Show"	"Cheatin'"	"Little Brother/The Minstrel Show/Little Brother_The Minstrel Show_05_Cheatin'.flac"
Logic	Everybody	1-800-273-8255	Logic/Everybody/Logic_Everybody_10_1-800-273-8255.flac
"Lupe Fiasco"	"Lupe Fiasco’s Food & Liquor"	"Kick, Push"	"Lupe Fiasco/Lupe Fiasco’s Food & Liquor/Lupe Fiasco_Lupe Fiasco’s Food & Liquor_04_Kick, Push.flac"
"Lupe Fiasco"	"Lupe Fiasco’s The Cool"	Superstar	"Lupe Fiasco/Lupe Fiasco’s The Cool/Lupe Fiasco_Lupe Fiasco’s The Cool_05_Superstar.flac"
"MC Jin"	"The Rest Is History"	"I Got a Love"	"MC Jin/The Rest Is History/MC Jin_The Rest Is History_07_I Got a Love.flac"
"MF DOOM"	MM..FOOD	"Hoe Cakes"	"MF DOOM/MM.FOOD (2004)/MF DOOM - MM.FOOD - 02 - Hoe Cakes.flac"
"MF DOOM"	MM..FOOD	"Hoe Cakes"	"MF DOOM/MM.FOOD/MF DOOM_MM.FOOD_01-02_Hoe Cakes.flac"
"MF DOOM"	MM..FOOD	"One Beer"	"MF DOOM/MM.FOOD (2004)/MF DOOM - MM.FOOD - 04 - One Beer.flac"
"MF DOOM"	MM..FOOD	"One Beer"	"MF DOOM/MM.FOOD/MF DOOM_MM.FOOD_01-04_One Beer.flac"
"MF DOOM"	MM..FOOD	"Rapp Snitch Knishes"	"MF DOOM/MM.FOOD (2004)/MF DOOM - MM.FOOD - 13 - Rapp Snitch Knishes.flac"
"MF DOOM"	MM..FOOD	"Rapp Snitch Knishes"	"MF DOOM/MM.FOOD/MF DOOM_MM.FOOD_01-13_Rapp Snitch Knishes.flac"
"MF DOOM"	"Operation: Doomsday"	Doomsday	"MF DOOM/Operation - Doomsday/MF DOOM_Operation - Doomsday_01-02_Doomsday.flac"
"MF DOOM"	"Operation: Doomsday"	"Rhymes Like Dimes"	"MF DOOM/Operation - Doomsday/MF DOOM_Operation - Doomsday_01-03_Rhymes Like Dimes.flac"
MIKE	"Pinball II"	Jumanji	"MIKE/Pinball II/MIKE_Pinball II_16_Jumanji.flac"
"MIKE And Tony Seltzer"	"Pinball II"	"Dolemite (feat. Lunchbox)"	"MIKE/Pinball II (2025)/MIKE - Pinball II - 02 - Dolemite.flac"
"MIKE And Tony Seltzer"	"Pinball II"	WYC4	"MIKE/Pinball II (2025)/MIKE - Pinball II - 04 - WYC4.flac"
"MIKE And Tony Seltzer"	"Pinball II"	"Hell Date (feat. Sideshow)"	"MIKE/Pinball II (2025)/MIKE - Pinball II - 12 - Hell Date.flac"
"Mac Miller"	Swimming	"Self Care"	"Mac Miller/Swimming/Mac Miller_Swimming_05_Self Care.flac"
Madvillain	Madvillainy	Accordion	Madvillain/Madvillainy/Madvillain_Madvillainy_02_Accordion.flac
Madvillain	Madvillainy	"Meat Grinder"	"Madvillain/Madvillainy/Madvillain_Madvillainy_03_Meat Grinder.flac"
Madvillain	Madvillainy	"All Caps"	"Madvillain/Madvillainy/Madvillain_Madvillainy_20_All Caps.flac"
"Marvin Gaye"	"Love Marvin: The Greatest Love Songs of Marvin Gaye"	"I Want You"	"Marvin Gaye/Love Marvin - The Greatest Love Songs of Marvin Gaye/Marvin Gaye_Love Marvin - The Greatest Love Songs of Marvin Gaye_01-03_I Want You.mp3"
"Meek Mill"	"Dreams and Nightmares (intro)"	"Dreams and Nightmares (intro)"	"Meek Mill/Dreams and Nightmares (intro)/Meek Mill_Dreams and Nightmares (intro)_01_Dreams and Nightmares (intro).flac"
"Meek Mill"	"Going Bad"	"Going Bad"	"Meek Mill/Going Bad/Meek Mill_Going Bad_01_Going Bad.flac"
Metallica	"Live S**t: Binge & Purge"	"Master Of Puppets (Live in Mexico City)"	"Metallica/Live S-t - Binge & Purge/Metallica_Live S-t - Binge & Purge_13_Master Of Puppets (Live in Mexico City).flac"
Metallica	"Master of Puppets (Remastered)"	"Master Of Puppets (Remastered)"	"Metallica/Master of Puppets (Remastered)/Metallica_Master of Puppets (Remastered)_02_Master Of Puppets (Remastered).flac"
"Metro Boomin"	"HEROES & VILLAINS"	"Raindrops (Insane)"	"Metro Boomin/HEROES & VILLAINS/Metro Boomin_HEROES & VILLAINS_04_Raindrops (Insane).flac"
"Metro Boomin"	"Metro Boomin Presents: A Futuristic Summa (Hosted by DJ Spinz)"	"My Lil Shit"	"Metro Boomin/Metro Boomin Presents - A Futuristic Summa (Hosted by DJ Spinz)/Metro Boomin_Metro Boomin Presents - A Futuristic Summa (Hosted by DJ Spinz)_01-12_My Lil Shit.flac"
"Michael Jackson"	Thriller	Thriller	"Michael Jackson/Thriller/Michael Jackson_Thriller_04_Thriller.flac"
Migos	"Back to the Bando"	"Asking for Money"	"Migos/Back to the Bando/Migos_Back to the Bando_09_Asking for Money.flac"
Migos	Culture	"Bad and Boujee"	"Migos/Culture/Migos_Culture_04_Bad and Boujee.flac"
Migos	"Culture II"	Supastars	"Migos/Culture II/Migos_Culture II_02_Supastars.flac"
"Miles Davis Quintet"	"All of You: The Last Tour, 1960"	"On Green Dolphin Street"	"Miles Davis Quintet/All of You - The Last Tour, 1960/Miles Davis Quintet_All of You - The Last Tour, 1960_01-06_On Green Dolphin Street.m4a"
N.W.A	Niggaz4Life	1-900-2-Compton	"N.W.A/Niggaz4Life (1991)/N.W.A - Niggaz4Life - 17 - 1-900-2-Compton.flac"
N.W.A	"The Best of N.W.A: The Strength of Street Knowledge"	"Straight Outta Compton"	"N.W.A/The Best of N.W.A - The Strength of Street Knowledge/N.W.A_The Best of N.W.A - The Strength of Street Knowledge_01_Straight Outta Compton.flac"
N.W.A	"The Best of N.W.A: The Strength of Street Knowledge"	"Appetite for Destruction"	"N.W.A/The Best of N.W.A - The Strength of Street Knowledge/N.W.A_The Best of N.W.A - The Strength of Street Knowledge_02_Appetite for Destruction.flac"
N.W.A	"The Best of N.W.A: The Strength of Street Knowledge"	"Dope Man"	"N.W.A/The Best of N.W.A - The Strength of Street Knowledge/N.W.A_The Best of N.W.A - The Strength of Street Knowledge_03_Dopeman.flac"
N.W.A	"The Best of N.W.A: The Strength of Street Knowledge"	"Fuck tha Police"	"N.W.A/The Best of N.W.A - The Strength of Street Knowledge/N.W.A_The Best of N.W.A - The Strength of Street Knowledge_04_Fuck tha Police.flac"
N.W.A	"The Best of N.W.A: The Strength of Street Knowledge"	"Real Niggaz"	"N.W.A/The Best of N.W.A - The Strength of Street Knowledge/N.W.A_The Best of N.W.A - The Strength of Street Knowledge_05_Real Niggaz.flac"
N.W.A	"The Best of N.W.A: The Strength of Street Knowledge"	"Gangsta Gangsta"	"N.W.A/The Best of N.W.A - The Strength of Street Knowledge/N.W.A_The Best of N.W.A - The Strength of Street Knowledge_10_Gangsta Gangsta.flac"
NAV	"Demons Protected by Angels"	"Don't Compare"	"NAV/Demons Protected by Angels/NAV_Demons Protected by Angels_11_Don't Compare.flac"
NAV	"Nothing On You (2015)"	"Nothing On You (2015)"	"NAV/Nothing On You (2015)/NAV_Nothing On You (2015)_01_Nothing On You (2015).flac"
NAV	"Perfect Timing"	"A$AP Ferg"	"NAV/Perfect Timing/NAV_Perfect Timing_04_A$AP Ferg.flac"
NAV	RECKLESS	Champion	NAV/RECKLESS/NAV_RECKLESS_05_Champion.mp3
"NLE Choppa"	"Or What"	"Or What"	"NLE Choppa/Or What/NLE Choppa_Or What_01_Or What.flac"
Nas	"Greatest Hits"	"N.Y. State of Mind"	"Nas/Greatest Hits/Nas_Greatest Hits_05_N.Y. State of Mind.flac"
Nas	"Hip Hop Is Dead"	"Still Dreaming (Feat. Kanye West & Chrisette Michele)"	"Nas/Hip Hop Is Dead (2006)/Nas - Hip Hop Is Dead - 09 - Still Dreaming.flac"
Nas	"The Lost Tapes II"	"Vernon Family"	"Nas/The Lost Tapes II/Nas_The Lost Tapes II_02_Vernon Family.flac"
Nas	"iTunes Originals"	"N.Y. State of Mind"	"Nas/iTunes Originals/Nas_iTunes Originals_08_N.Y. State of Mind.flac"
"Naughty by Nature"	"19 Naughty III"	"Hip Hop Hooray"	"Naughty by Nature/19 Naughty III (1993)/Naughty by Nature - 19 Naughty III - 02 - Hip Hop Hooray.flac"
Ndotz	"Embrace It"	"Embrace It"	"Ndotz/Embrace It/Ndotz_Embrace It_01_Embrace It.flac"
Nemzzz	2MS	2MS	"Nemzzz/2MS (2022)/Nemzzz - 2MS - 01 - 2MS.flac"
Nemzzz	"DO NOT DISTURB (DELUXE)"	ETA	"Nemzzz/DO NOT DISTURB (DELUXE)/Nemzzz_DO NOT DISTURB (DELUXE)_02_ETA.flac"
Nemzzz	"DO NOT DISTURB (DELUXE)"	PTSD	"Nemzzz/DO NOT DISTURB (DELUXE)/Nemzzz_DO NOT DISTURB (DELUXE)_03_PTSD.flac"
Nemzzz	"DO NOT DISTURB (DELUXE)"	"L’s"	"Nemzzz/DO NOT DISTURB (DELUXE)/Nemzzz_DO NOT DISTURB (DELUXE)_04_L’s.flac"
Nemzzz	"DO NOT DISTURB (DELUXE)"	DND	"Nemzzz/DO NOT DISTURB (DELUXE)/Nemzzz_DO NOT DISTURB (DELUXE)_10_DND.flac"
Nemzzz	"DO NOT DISTURB (DELUXE)"	"MONEY AND VIBES"	"Nemzzz/DO NOT DISTURB (DELUXE)/Nemzzz_DO NOT DISTURB (DELUXE)_11_MONEY AND VIBES.flac"
Nemzzz	"DO NOT DISTURB (DELUXE)"	"IT’S US"	"Nemzzz/DO NOT DISTURB (DELUXE)/Nemzzz_DO NOT DISTURB (DELUXE)_12_IT’S US.flac"
Nemzzz	"RENT’S DUE"	COLD	"Nemzzz/RENT’S DUE/Nemzzz_RENT’S DUE_01_COLD.mp3"
Nemzzz	"RENT’S DUE"	DILEMMA	"Nemzzz/RENT’S DUE/Nemzzz_RENT’S DUE_05_DILEMMA.mp3"
Nemzzz	"RENT’S DUE"	MIAMI	"Nemzzz/RENT’S DUE/Nemzzz_RENT’S DUE_06_MIAMI.mp3"
Nemzzz	"RENT’S DUE"	"BAD DECISIONS"	"Nemzzz/RENT’S DUE/Nemzzz_RENT’S DUE_11_BAD DECISIONS.mp3"
"Nemzzz • Luciano"	"DO NOT DISTURB (DELUXE)"	ETA	"Nemzzz/DO NOT DISTURB (DELUXE) (2024)/Nemzzz - DO NOT DISTURB (DELUXE) - 02 - ETA.flac"
"Norman Connors"	"Love From the Sun / Slewfoot"	"Love From the Sun"	"Norman Connors/Love From the Sun + Slewfoot/Norman Connors_Love From the Sun + Slewfoot_04_Love From the Sun.flac"
Nujabes	"An Introduction: The Best of Nujabes"	"Luv (Sic)"	"Nujabes/An Introduction - The Best of Nujabes/Nujabes_An Introduction - The Best of Nujabes_01-09_Luv (Sic).mp3"
O.C.	"A New Dawn (2nd Phase)"	"Ignorance Is Bliss"	"O.C/A New Dawn (2nd Phase)/O.C._A New Dawn (2nd Phase)_13_Ignorance Is Bliss.flac"
Offset	"Father of 4"	"How Did I Get Here"	"Offset/Father of 4/Offset_Father of 4_02_How Did I Get Here.flac"
Offset	"Without Warning"	"Ric Flair Drip"	"21 Savage/Without Warning/21 Savage_Without Warning_03_Ric Flair Drip.flac"
OutKast	ATLiens	Mainstream	OutKast/ATLiens/OutKast_ATLiens_02-01_Mainstream.flac
OutKast	ATLiens	"Two Dope Boyz (in a Cadillac)"	"OutKast/ATLiens/OutKast_ATLiens_01-02_Two Dope Boyz (in a Cadillac).flac"
OutKast	ATLiens	ATLiens	OutKast/ATLiens/OutKast_ATLiens_01-03_ATLiens.flac
OutKast	ATLiens	"Wheelz of Steel"	"OutKast/ATLiens/OutKast_ATLiens_01-04_Wheelz of Steel.flac"
OutKast	ATLiens	"Jazzy Belle"	"OutKast/ATLiens/OutKast_ATLiens_01-05_Jazzy Belle.flac"
OutKast	Aquemini	"Da Art of Storytellin’, Part 1"	"OutKast/Aquemini/OutKast_Aquemini_09_Da Art of Storytellin’, Part 1.flac"
OutKast	Aquemini	"Da Art of Storytellin’, Part 2"	"OutKast/Aquemini/OutKast_Aquemini_10_Da Art of Storytellin’, Part 2.flac"
OutKast	"Prototype / Ghetto Musick"	Prototype	"OutKast/Prototype + Ghetto Musick (2004)/OutKast - Prototype + Ghetto Musick - 01 - Prototype.flac"
OutKast	Stankonia	"So Fresh, So Clean"	"OutKast/Stankonia/OutKast_Stankonia_04_So Fresh, So Clean.flac"
OutKast	Stankonia	"Ms. Jackson"	"OutKast/Stankonia/OutKast_Stankonia_05_Ms. Jackson.flac"
Outkast	"ATLiens (25th Anniversary Deluxe Edition)"	"Two Dope Boyz (In a Cadillac)"	"OutKast/ATLiens (1996)/OutKast - ATLiens - 02 - Two Dope Boyz (in a Cadillac).flac"
Outkast	"ATLiens (25th Anniversary Deluxe Edition)"	"Wheelz of Steel"	"OutKast/ATLiens (1996)/OutKast - ATLiens - 04 - Wheelz of Steel.flac"
Outkast	"ATLiens (25th Anniversary Deluxe Edition)"	"Jazzy Belle"	"OutKast/ATLiens (1996)/OutKast - ATLiens - 05 - Jazzy Belle.flac"
Outkast	"Jazzy Belle"	"Jazzy Belle (Album Version)"	"OutKast/Jazzy Belle (1996)/OutKast - Jazzy Belle - 03 - Jazzy Belle (clean album version).flac"
PARTYNEXTDOOR	PARTYNEXTDOOR	"Break From Toronto"	"PARTYNEXTDOOR/PARTYNEXTDOOR/PARTYNEXTDOOR_PARTYNEXTDOOR_06_Break From Toronto.flac"
PARTYNEXTDOOR	PARTYNEXTDOOR	"Over Here"	"PARTYNEXTDOOR/PARTYNEXTDOOR/PARTYNEXTDOOR_PARTYNEXTDOOR_09_Over Here.flac"
PARTYNEXTDOOR	PARTYNEXTDOOR	"Ballin'"	"PARTYNEXTDOOR/PARTYNEXTDOOR/PARTYNEXTDOOR_PARTYNEXTDOOR_10_Ballin'.flac"
PARTYNEXTDOOR	"PARTYNEXTDOOR 4 (P4)"	"M a k e I t T o T h e M o r n i n g"	"PARTYNEXTDOOR/PARTYNEXTDOOR 4 (P4)/PARTYNEXTDOOR_PARTYNEXTDOOR 4 (P4)_05_M a k e I t T o T h e M o r n i n g.flac"
PARTYNEXTDOOR	"PARTYNEXTDOOR 4 (P4)"	"N o C h i l l"	"PARTYNEXTDOOR/PARTYNEXTDOOR 4 (P4)/PARTYNEXTDOOR_PARTYNEXTDOOR 4 (P4)_06_N o C h i l l.flac"
PARTYNEXTDOOR	"PARTYNEXTDOOR TWO"	"Her Way"	"PARTYNEXTDOOR/PARTYNEXTDOOR TWO/PARTYNEXTDOOR_PARTYNEXTDOOR TWO_04_Her Way.flac"
PARTYNEXTDOOR	"PARTYNEXTDOOR TWO"	"Belong to the City"	"PARTYNEXTDOOR/PARTYNEXTDOOR TWO/PARTYNEXTDOOR_PARTYNEXTDOOR TWO_05_Belong to the City.flac"
"Pink Floyd"	Animals	"Pigs (Three Different Ones)"	"Pink Floyd/Animals/Pink Floyd_Animals_03_Pigs (Three Different Ones).flac"
"Pink Floyd"	Animals	Sheep	"Pink Floyd/Animals/Pink Floyd_Animals_04_Sheep.flac"
Pixies	"Trompe Le Monde"	"Planet Of Sound"	"Pixies/Trompe le Monde (1991)/Pixies - Trompe le Monde - 02 - Planet of Sound.flac"
"Playboi Carti"	"ALL RED"	"ALL RED"	"Playboi Carti/ALL RED/Playboi Carti_ALL RED_01_ALL RED.flac"
"Playboi Carti"	"Broke Boi"	"Broke Boi"	"Playboi Carti/Broke Boi/Playboi Carti_Broke Boi_01_Broke Boi.flac"
"Playboi Carti"	"Days Before Music"	2024	"Playboi Carti/Days Before Music/Playboi Carti_Days Before Music_02_2024.flac"
"Playboi Carti"	"Days Before Music"	H00DBYAIR	"Playboi Carti/Days Before Music/Playboi Carti_Days Before Music_03_H00DBYAIR.flac"
"Playboi Carti"	"Days Before Music"	BACKR00MS	"Playboi Carti/Days Before Music/Playboi Carti_Days Before Music_04_BACKR00MS.flac"
"Playboi Carti"	"Days Before Music"	EVILJ0RDAN	"Playboi Carti/Days Before Music/Playboi Carti_Days Before Music_05_EVILJ0RDAN.flac"
"Playboi Carti"	"Days Before Music"	KETAMINE	"Playboi Carti/Days Before Music/Playboi Carti_Days Before Music_06_KETAMINE.flac"
"Playboi Carti"	"Die Lit"	R.I.P.	"Playboi Carti/Die Lit/Playboi Carti_Die Lit_02_R.I.P.flac"
"Playboi Carti"	"Die Lit"	"Old Money"	"Playboi Carti/Die Lit/Playboi Carti_Die Lit_04_Old Money.flac"
"Playboi Carti"	"Die Lit"	Shoota	"Playboi Carti/Die Lit/Playboi Carti_Die Lit_06_Shoota.flac"
"Playboi Carti"	"Die Lit"	"Right Now"	"Playboi Carti/Die Lit/Playboi Carti_Die Lit_07_Right Now.flac"
"Playboi Carti"	"Die Lit"	"Poke It Out"	"Playboi Carti/Die Lit/Playboi Carti_Die Lit_08_Poke It Out.flac"
"Playboi Carti"	"Die Lit"	"Fell in Luv"	"Playboi Carti/Die Lit/Playboi Carti_Die Lit_10_Fell in Luv.flac"
"Playboi Carti"	"Die Lit"	Foreign	"Playboi Carti/Die Lit/Playboi Carti_Die Lit_11_Foreign.flac"
"Playboi Carti"	"Die Lit"	"FlatBed Freestyle"	"Playboi Carti/Die Lit/Playboi Carti_Die Lit_14_FlatBed Freestyle.flac"
"Playboi Carti"	"Die Lit"	"No Time"	"Playboi Carti/Die Lit/Playboi Carti_Die Lit_15_No Time.flac"
"Playboi Carti"	MUSIC	CRUSH	"Playboi Carti/MUSIC/Playboi Carti_MUSIC_02_CRUSH.flac"
"Playboi Carti"	MUSIC	"K POP"	"Playboi Carti/MUSIC/Playboi Carti_MUSIC_03_K POP.flac"
"Playboi Carti"	MUSIC	"EVIL J0RDAN"	"Playboi Carti/MUSIC/Playboi Carti_MUSIC_04_EVIL J0RDAN.flac"
"Playboi Carti"	MUSIC	BACKD00R	"Playboi Carti/MUSIC/Playboi Carti_MUSIC_10_BACKD00R.flac"
"Playboi Carti"	MUSIC	"CHARGE DEM HOES A FEE"	"Playboi Carti/MUSIC/Playboi Carti_MUSIC_14_CHARGE DEM HOES A FEE.flac"
"Playboi Carti"	MUSIC	"I SEEEEEE YOU BABY BOI"	"Playboi Carti/MUSIC/Playboi Carti_MUSIC_16_I SEEEEEE YOU BABY BOI.flac"
"Playboi Carti"	MUSIC	"OPM BABI"	"Playboi Carti/MUSIC/Playboi Carti_MUSIC_23_OPM BABI.flac"
"Playboi Carti"	MUSIC	"LIKE WEEZY"	"Playboi Carti/MUSIC/Playboi Carti_MUSIC_25_LIKE WEEZY.flac"
"Playboi Carti"	Music	"Evil J0rdan"	"Playboi Carti/MUSIC (2025)/Playboi Carti - MUSIC - 04 - EVIL J0RDAN.flac"
"Playboi Carti"	Music	Radar	"Playboi Carti/MUSIC (2025)/Playboi Carti - MUSIC - 07 - RADAR.flac"
"Playboi Carti"	"Playboi Carti"	Location	"Playboi Carti/Playboi Carti/Playboi Carti_Playboi Carti_01_Location.flac"
"Playboi Carti"	"Playboi Carti"	Magnolia	"Playboi Carti/Playboi Carti/Playboi Carti_Playboi Carti_02_Magnolia.flac"
"Playboi Carti"	"Playboi Carti"	Lookin	"Playboi Carti/Playboi Carti/Playboi Carti_Playboi Carti_03_Lookin.flac"
"Playboi Carti"	"Playboi Carti"	wokeuplikethis*	"Playboi Carti/Playboi Carti/Playboi Carti_Playboi Carti_04_wokeuplikethis.flac"
"Playboi Carti"	"Playboi Carti"	"Half & Half"	"Playboi Carti/Playboi Carti/Playboi Carti_Playboi Carti_06_Half & Half.flac"
"Playboi Carti"	"Playboi Carti"	"Lame Niggaz"	"Playboi Carti/Playboi Carti/Playboi Carti_Playboi Carti_11_Lame Niggaz.flac"
"Playboi Carti"	"Playboi Carti"	"Yah Mean"	"Playboi Carti/Playboi Carti/Playboi Carti_Playboi Carti_12_Yah Mean.flac"
"Playboi Carti"	"Playboi Carti"	Flex	"Playboi Carti/Playboi Carti/Playboi Carti_Playboi Carti_13_Flex.flac"
"Playboi Carti"	Robber	Robber	"Playboi Carti/Robber/Playboi Carti_Robber_01_Robber.mp3"
"Playboi Carti"	"Whole Lotta Red"	"Stop Breathing"	"Playboi Carti/Whole Lotta Red (2020)/12 Vinyl 01/Playboi Carti - Whole Lotta Red - 03 - Stop Breathing.flac"
"Playboi Carti"	"Whole Lotta Red"	"King Vamp"	"Playboi Carti/Whole Lotta Red (2020)/12 Vinyl 02/Playboi Carti - Whole Lotta Red - 05 - King Vamp.flac"
"Playboi Carti"	"Whole Lotta Red"	Sky	"Playboi Carti/Whole Lotta Red (2020)/12 Vinyl 02/Playboi Carti - Whole Lotta Red - 07 - Sky.flac"
"Playboi Carti"	"Whole Lotta Red"	Sky	"Playboi Carti/Whole Lotta Red/Playboi Carti_Whole Lotta Red_19_Sky.flac"
"Playboi Carti"	"Whole Lotta Red"	ILoveUIHateU	"Playboi Carti/Whole Lotta Red/Playboi Carti_Whole Lotta Red_21_ILoveUIHateU.flac"
"Playboi Carti & Travis Scott (2)"	Music	Crush	"Playboi Carti/MUSIC (2025)/Playboi Carti - MUSIC - 02 - CRUSH.flac"
"Playboi Carti feat. Kendrick Lemar"	Music	"Wake Up F1lthy"	"Playboi Carti/MUSIC (2025)/Playboi Carti - MUSIC - 17 - WAKE UP F1LTHY.flac"
"Post Malone"	"Hollywood's Bleeding"	Circles	"Post Malone/Hollywood’s Bleeding (2019)/Post Malone - Hollywood’s Bleeding - 06 - Circles.flac"
"Post Malone"	"Hollywood's Bleeding"	"Die For Me (feat. Future & Halsey)"	"Post Malone/Hollywood’s Bleeding (2019)/Post Malone - Hollywood’s Bleeding - 07 - Die for Me.flac"
"Post Malone"	"Hollywood’s Bleeding"	Circles	"Post Malone/Hollywood’s Bleeding/Post Malone_Hollywood’s Bleeding_06_Circles.flac"
"Post Malone"	"Hollywood’s Bleeding"	Sunflower	"Post Malone/Hollywood’s Bleeding/Post Malone_Hollywood’s Bleeding_12_Sunflower.flac"
"Post Malone"	Stoney	"Congratulations (Feat. Quavo)"	"Post Malone/Stoney (2016)/Post Malone - Stoney - 12 - Congratulations.flac"
"Post Malone"	"beerbongs & bentleys"	"Rich & Sad"	"Post Malone/beerbongs & bentleys/Post Malone_beerbongs & bentleys_03_Rich & Sad.flac"
"Post Malone"	"beerbongs & bentleys"	"rockstar (feat. 21 Savage)"	"Post Malone/beerbongs & bentleys (2018)/Post Malone - beerbongs & bentleys - 06 - rockstar.flac"
"Post Malone"	"beerbongs & bentleys"	rockstar	"Post Malone/beerbongs & bentleys/Post Malone_beerbongs & bentleys_06_rockstar.flac"
"Post Malone"	"beerbongs & bentleys"	"Psycho (feat. Ty Dolla $ign)"	"Post Malone/beerbongs & bentleys (2018)/Post Malone - beerbongs & bentleys - 08 - Psycho.flac"
"Post Malone"	"beerbongs & bentleys"	Psycho	"Post Malone/beerbongs & bentleys/Post Malone_beerbongs & bentleys_08_Psycho.flac"
"Post Malone"	"beerbongs & bentleys"	"Better Now"	"Post Malone/beerbongs & bentleys (2018)/Post Malone - beerbongs & bentleys - 09 - Better Now.flac"
"Post Malone"	"beerbongs & bentleys"	"Better Now"	"Post Malone/beerbongs & bentleys/Post Malone_beerbongs & bentleys_09_Better Now.flac"
"Post Malone"	"beerbongs & bentleys"	"Ball for Me"	"Post Malone/beerbongs & bentleys/Post Malone_beerbongs & bentleys_10_Ball for Me.flac"
"Post Malone"	"beerbongs & bentleys"	"Same Bitches"	"Post Malone/beerbongs & bentleys/Post Malone_beerbongs & bentleys_14_Same Bitches.flac"
"Post Malone"	"beerbongs & bentleys"	"Candy Paint"	"Post Malone/beerbongs & bentleys (2018)/Post Malone - beerbongs & bentleys - 17 - Candy Paint.flac"
"Post Malone"	"beerbongs & bentleys"	"Candy Paint"	"Post Malone/beerbongs & bentleys/Post Malone_beerbongs & bentleys_17_Candy Paint.flac"
"Public Enemy"	"Fear Of A Black Planet (Deluxe Edition)"	"Fight The Power"	"Public Enemy/Fear of a Black Planet (1990)/CD 01/Public Enemy - Fear of a Black Planet - 20 - Fight the Power.flac"
"Public Enemy"	"Fear of a Black Planet"	"Fight the Power"	"Public Enemy/Fear of a Black Planet/Public Enemy_Fear of a Black Planet_20_Fight the Power.flac"
"Pusha T"	"It’s Almost Dry"	Brambleton	"Pusha T/It’s Almost Dry/Pusha T_It’s Almost Dry_01_Brambleton.flac"
"Pusha T"	"It’s Almost Dry"	"Call My Bluff"	"Pusha T/It’s Almost Dry/Pusha T_It’s Almost Dry_08_Call My Bluff.flac"
"Pusha T"	"King Push – Darkest Before Dawn: The Prelude"	M.P.A.	"Pusha T/King Push – Darkest Before Dawn - The Prelude/Pusha T_King Push – Darkest Before Dawn - The Prelude_05_M.P.A.flac"
"Pusha T"	"My Name Is My Name"	Nosetalgia	"Pusha T/My Name Is My Name/Pusha T_My Name Is My Name_10_Nosetalgia.flac"
Queen	"Classic Queen"	"Bohemian Rhapsody"	"Queen/Classic Queen/Queen_Classic Queen_02_Bohemian Rhapsody.flac"
Queen	"The Singles Collection, Volume 2"	"Play the Game"	"Queen/The Singles Collection, Volume 2/Queen_The Singles Collection, Volume 2_04-01_Play the Game.flac"
"Rae Sremmurd"	SremmLife	"No Type"	"Rae Sremmurd/SremmLife/Rae Sremmurd_SremmLife_10_No Type.flac"
"Rae Sremmurd"	"SremmLife 2"	"Black Beatles"	"Rae Sremmurd/SremmLife 2/Rae Sremmurd_SremmLife 2_05_Black Beatles.flac"
"Rae Sremmurd"	"SremmLife II"	"Black Beatles (Ft. Gucci Mane)"	"Rae Sremmurd/SremmLife 2 (2016)/Rae Sremmurd - SremmLife 2 - 05 - Black Beatles.flac"
"Ras Michael & The Sons of Negus"	Nyahbinghi	"Come Down (Pomps & Price)"	"Ras Michael & The Sons of Negus/Nyahbinghi/Ras Michael & The Sons of Negus_Nyahbinghi_06_Come Down (Pomps & Price).flac"
"Ravi Shankar"	"Ragas & Talas"	"Rupak Tal"	"Ravi Shankar/Ragas & Talas/Ravi Shankar_Ragas & Talas_03_Rupak Tal.mp3"
"Rick Ross"	"Deeper Than Rap"	"Maybach Music 2"	"Rick Ross/Deeper Than Rap/Rick Ross_Deeper Than Rap_02_Maybach Music 2.flac"
"Rick Ross"	"Walking on Water 2"	Stop	"Rick Ross/Walking on Water 2/Rick Ross_Walking on Water 2_03_Stop.mp3"
"Roddy Ricch"	"Please Excuse Me For Being Antisocial"	"The Box"	"Roddy Ricch/Please Excuse Me for Being Antisocial (2019)/12 Vinyl 01/Roddy Ricch - Please Excuse Me for Being Antisocial - 02 - The Box.flac"
"Roger Waters"	"Behind The Wall"	"What God Wants"	"Pink Floyd/Behind The Wall/Pink Floyd_Behind The Wall_03-14_What God Wants.mp3"
SZA	Snooze	Snooze	SZA/Snooze/SZA_Snooze_03_Snooze.flac
"ScHoolboy Q"	"CrasH Talk"	Floating	"ScHoolboy Q/CrasH Talk/ScHoolboy Q_CrasH Talk_09_Floating.flac"
"Schoolboy Q"	"Black Panther The Album Music From And Inspired By"	X	"Kendrick Lamar/Black Panther - The Album (Music From and Inspired By) (2018)/Kendrick Lamar - Black Panther - The Album (Music From and Inspired By) - 03 - X.flac"
"Sha Gz"	"Ruthless Gz"	"New Opp"	"Sha Gz/Ruthless Gz/Sha Gz_Ruthless Gz_05_New Opp.flac"
"Sheck Wes"	MUDBOY	Gmail	"Sheck Wes/MUDBOY (2018)/Sheck Wes - MUDBOY - 03 - Gmail.flac"
"Sheck Wes"	"Mo Bamba"	"Mo Bamba"	"Sheck Wes/Mo Bamba (2018)/Sheck Wes - Mo Bamba - 01 - Mo Bamba.flac"
"Skee‐Lo"	"I Wish"	"I Wish"	"Skee‐Lo/I Wish (1995)/Skee‐Lo - I Wish - 02 - I Wish.flac"
"Slum Village"	Selfish	Selfish	"Slum Village/Selfish (2004)/Slum Village - Selfish - 01 - Selfish.flac"
"Slum Village"	"Slum Village Greatest Hits, Vol. 1"	Fantastic	"Slum Village/Slum Village Greatest Hits, Vol. 1 (2007)/Slum Village - Slum Village Greatest Hits, Vol. 1 - 02 - Fantastic.flac"
"Slum Village"	"Slum Village Greatest Hits, Vol. 1"	"What’s Love Got to Do With It (Look of Love version)"	"Slum Village/Slum Village Greatest Hits, Vol. 1 (2007)/Slum Village - Slum Village Greatest Hits, Vol. 1 - 04 - What’s Love Got to Do With It (Look of Love version).flac"
"Souls Of Mischief"	"93 'Til Infinity: 20th Anniversary Edition"	"93 'Til Infinity"	"Souls of Mischief/93 ’til Infinity (1993)/CD 01/Souls of Mischief - 93 ’til Infinity - 08 - 93 'til Infinity.flac"
"Souls of Mischief"	"There Is Only Now"	"Panic Struck"	"Souls of Mischief/There Is Only Now (2014)/CD 01/Souls of Mischief - There Is Only Now - 04 - Panic Struck.flac"
"Steve Lacy"	"The Lo-Fis"	Infrunami	"Steve Lacy/The Lo-Fis/Steve Lacy_The Lo-Fis_08_Infrunami.flac"
"Stevie Wonder"	"20th Century Masters: The Christmas Collection: The Best of Stevie Wonder"	"Someday at Christmas"	"Stevie Wonder/20th Century Masters - The Christmas Collection - The Best of Stevie Wonder/Stevie Wonder_20th Century Masters - The Christmas Collection - The Best of Stevie Wonder_01_Someday at Christmas.flac"
"Sunz of Man"	"Lost Anthology"	"5 Arch Angels"	"Wu‐Tang Clan/Lost Anthology/Wu‐Tang Clan_Lost Anthology_01-03_5 Arch Angels.flac"
"TV Girl"	Fauxllennium	"Everything Blue"	"TV Girl/Fauxllennium/TV Girl_Fauxllennium_02_Everything Blue.flac"
"TV Girl"	"Singles & Oddities"	"The Kook Of Echo Park"	"TV Girl/Singles & Oddities/TV Girl_Singles & Oddities_12_The Kook Of Echo Park.mp3"
"TV Girl"	"Who Really Cares"	"Taking What’s Not Yours"	"TV Girl/Who Really Cares/TV Girl_Who Really Cares_01_Taking What’s Not Yours.flac"
"TV Girl"	"Who Really Cares"	"Cigarettes Out the Window"	"TV Girl/Who Really Cares/TV Girl_Who Really Cares_03_Cigarettes Out the Window.flac"
"TV Girl"	"Who Really Cares"	"Not Allowed"	"TV Girl/Who Really Cares/TV Girl_Who Really Cares_05_Not Allowed.flac"
"TV Girl"	"Who Really Cares"	"Loving Machine"	"TV Girl/Who Really Cares/TV Girl_Who Really Cares_09_Loving Machine.flac"
TWXN	"Project YVL"	TELESCOPE	"TWXN/Project YVL (2024)/TWXN - Project YVL - 15 - TELESCOPE.mp3"
"Tee Grizzley"	"Chapters of the Trenches"	"Robbery, Part 4"	"Tee Grizzley/Chapters of the Trenches/Tee Grizzley_Chapters of the Trenches_06_Robbery, Part 4.flac"
"Tee Grizzley"	"Red Light"	"Red Light"	"Tee Grizzley/Red Light/Tee Grizzley_Red Light_01_Red Light.flac"
"The Alchemist"	"Bread EP"	"Ray Mysterio"	"The Alchemist/Bread EP/The Alchemist_Bread EP_01_Ray Mysterio.flac"
"The Alchemist"	"Bread EP"	"E Coli"	"The Alchemist/Bread EP/The Alchemist_Bread EP_04_E Coli.flac"
"The Alchemist"	"Rapper’s Best Friend 3: An Instrumental Series"	"Black Cocaine"	"The Alchemist/Rapper’s Best Friend 3 - An Instrumental Series/The Alchemist_Rapper’s Best Friend 3 - An Instrumental Series_06_Black Cocaine.flac"
"The Alchemist"	"This Thing of Ours"	"TV Dinners"	"The Alchemist/This Thing of Ours/The Alchemist_This Thing of Ours_02_TV Dinners.flac"
"The Alchemist"	"This Thing of Ours"	"Loose Change"	"The Alchemist/This Thing of Ours/The Alchemist_This Thing of Ours_04_Loose Change.flac"
"The Alchemist"	"This Thing of Ours 2"	Lossless	"The Alchemist/This Thing of Ours 2 (2021)/The Alchemist - This Thing of Ours 2 - 02 - Lossless.flac"
"The Beatles"	"Abbey Road"	"Here Comes The Sun"	"The Beatles/Abbey Road (1969)/CD 01/The Beatles - Abbey Road - 07 - Here Comes the Sun.flac"
"The Beatles"	"All You Need Is Love"	"All You Need Is Love"	"The Beatles/All You Need Is Love (1967)/The Beatles - All You Need Is Love - 01 - All You Need Is Love.mp3"
"The Beatles"	"All You Need Is Love"	"Baby, You’re a Rich Man"	"The Beatles/All You Need Is Love (1967)/The Beatles - All You Need Is Love - 02 - Baby, You’re a Rich Man.mp3"
"The Beatles"	"Rubber Soul"	"Drive My Car"	"The Beatles/Rubber Soul/The Beatles_Rubber Soul_01_Drive My Car.flac"
"The Beatles"	"Rubber Soul"	"Nowhere Man"	"The Beatles/Rubber Soul/The Beatles_Rubber Soul_04_Nowhere Man.flac"
"The Beatles"	"Rubber Soul"	Girl	"The Beatles/Rubber Soul (1965)/The Beatles - Rubber Soul - 09 - Girl.flac"
"The Beatles"	"Rubber Soul"	"In My Life"	"The Beatles/Rubber Soul/The Beatles_Rubber Soul_11_In My Life.flac"
"The Beatles"	"Sgt. Pepper’s Lonely Hearts Club Band"	"A Day in the Life"	"The Beatles/Sgt. Pepper’s Lonely Hearts Club Band/The Beatles_Sgt. Pepper’s Lonely Hearts Club Band_13_A Day in the Life.flac"
"The Blackbyrds"	"Flying Start"	"Walking in Rhythm"	"The Blackbyrds/Flying Start/The Blackbyrds_Flying Start_05_Walking in Rhythm.flac"
"The Blackbyrds"	"Flying Start"	"April Showers"	"The Blackbyrds/Flying Start/The Blackbyrds_Flying Start_07_April Showers.flac"
"The Dave Brubeck Quartet"	"Live at the Montreux Jazz Festival 1982"	"Koto Song"	"The Dave Brubeck Quartet/Live at the Montreux Jazz Festival 1982/The Dave Brubeck Quartet_Live at the Montreux Jazz Festival 1982_05_Koto Song.flac"
"The Internet"	"Hive Mind"	"Hold On"	"The Internet/Hive Mind/The Internet_Hive Mind_13_Hold On.flac"
"The Jet Age of Tomorrow"	"12 Odd Future Songs"	"But She's Not My Lover"	"Odd Future/12 Odd Future Songs/Odd Future_12 Odd Future Songs_09_But She's Not My Lover.flac"
"The Notorious B.I.G."	"Juicy / Unbelievable"	"Juicy (radio edit)"	"The Notorious B.I.G/Juicy + Unbelievable (2014)/The Notorious B.I.G. - Juicy + Unbelievable - 01 - Juicy (radio edit).flac"
"The Notorious B.I.G."	"One More Chance"	"One More Chance/Stay With Me (Radio Edit)"	"The Notorious B.I.G/One More Chance/The Notorious B.I.G._One More Chance_01_One More Chance+Stay With Me (Radio Edit).flac"
"The Pollyseeds"	"Sounds of Crenshaw, Vol. 1"	Believe	"Terrace Martin/Sounds of Crenshaw, Vol. 1/Terrace Martin_Sounds of Crenshaw, Vol. 1_07_Believe.flac"
"The Weeknd"	"After Hours"	"Escape From LA"	"The Weeknd/After Hours (2020)/The Weeknd - After Hours - 06 - Escape From LA.flac"
"The Weeknd"	"After Hours"	"Blinding Lights"	"The Weeknd/After Hours (2020)/The Weeknd - After Hours - 09 - Blinding Lights.flac"
"The Weeknd"	"After Hours"	"Save Your Tears"	"The Weeknd/After Hours (2020)/The Weeknd - After Hours - 11 - Save Your Tears.flac"
"The Weeknd"	"Pray for Me"	"Pray for Me"	"The Weeknd/Pray for Me (2018)/The Weeknd - Pray for Me - 01 - Pray for Me.flac"
Thouxanbanfauni	"LIVE WIRE"	"GET IN"	"Thouxanbanfauni/LIVE WIRE/Thouxanbanfauni_LIVE WIRE_11_GET IN.flac"
Thundercat	Apocalypse	"Heartbreaks + Setbacks"	"Thundercat/Apocalypse/Thundercat_Apocalypse_02_Heartbreaks + Setbacks.flac"
Thundercat	Apocalypse	Seven	Thundercat/Apocalypse/Thundercat_Apocalypse_06_Seven.flac
Thundercat	Apocalypse	"Oh Sheit It's X"	"Thundercat/Apocalypse/Thundercat_Apocalypse_07_Oh Sheit It's X.flac"
Thundercat	Drunk	"Lava Lamp"	"Thundercat/Drunk/Thundercat_Drunk_06_Lava Lamp.flac"
Thundercat	Drunk	"Day & Night"	"Thundercat/Drunk/Thundercat_Drunk_08_Day & Night.flac"
Thundercat	Drunk	"Walk On By"	"Thundercat/Drunk/Thundercat_Drunk_10_Walk On By.flac"
Thundercat	Drunk	"Jameel’s Space Ride"	"Thundercat/Drunk/Thundercat_Drunk_13_Jameel’s Space Ride.flac"
Thundercat	Drunk	"Them Changes"	"Thundercat/Drunk/Thundercat_Drunk_15_Them Changes.flac"
Thundercat	Drunk	"Drink Dat"	"Thundercat/Drunk/Thundercat_Drunk_17_Drink Dat.flac"
Thundercat	Drunk	Inferno	Thundercat/Drunk/Thundercat_Drunk_18_Inferno.flac
Thundercat	Drunk	Drunk	Thundercat/Drunk/Thundercat_Drunk_21_Drunk.flac
Thundercat	Drunk	"The Turn Down"	"Thundercat/Drunk/Thundercat_Drunk_22_The Turn Down.flac"
Thundercat	"It Is What It Is"	"Innerstellar Love"	"Thundercat/It Is What It Is/Thundercat_It Is What It Is_02_Innerstellar Love.flac"
Thundercat	"It Is What It Is"	"Funny Thing"	"Thundercat/It Is What It Is/Thundercat_It Is What It Is_07_Funny Thing.flac"
"Tommy Richman"	"MILLION DOLLAR BABY"	"MILLION DOLLAR BABY"	"Tommy Richman/MILLION DOLLAR BABY/Tommy Richman_MILLION DOLLAR BABY_01_MILLION DOLLAR BABY.flac"
"Travis Scott"	ASTROWORLD	STARGAZING	"Travis Scott/ASTROWORLD/Travis Scott_ASTROWORLD_01_STARGAZING.flac"
"Travis Scott"	ASTROWORLD	CAROUSEL	"Travis Scott/ASTROWORLD/Travis Scott_ASTROWORLD_02_CAROUSEL.flac"
"Travis Scott"	ASTROWORLD	"SICKO MODE"	"Travis Scott/ASTROWORLD/Travis Scott_ASTROWORLD_03_SICKO MODE.flac"
"Travis Scott"	ASTROWORLD	"R.I.P. SCREW"	"Travis Scott/ASTROWORLD/Travis Scott_ASTROWORLD_04_R.I.P. SCREW.flac"
"Travis Scott"	ASTROWORLD	"STOP TRYING TO BE GOD"	"Travis Scott/ASTROWORLD/Travis Scott_ASTROWORLD_05_STOP TRYING TO BE GOD.flac"
"Travis Scott"	ASTROWORLD	"NO BYSTANDERS"	"Travis Scott/ASTROWORLD/Travis Scott_ASTROWORLD_06_NO BYSTANDERS.flac"
"Travis Scott"	ASTROWORLD	SKELETONS	"Travis Scott/ASTROWORLD/Travis Scott_ASTROWORLD_07_SKELETONS.flac"
"Travis Scott"	ASTROWORLD	"WAKE UP"	"Travis Scott/ASTROWORLD/Travis Scott_ASTROWORLD_08_WAKE UP.flac"
"Travis Scott"	ASTROWORLD	"5% TINT"	"Travis Scott/ASTROWORLD/Travis Scott_ASTROWORLD_09_5% TINT.flac"
"Travis Scott"	ASTROWORLD	ASTROTHUNDER	"Travis Scott/ASTROWORLD/Travis Scott_ASTROWORLD_11_ASTROTHUNDER.flac"
"Travis Scott"	ASTROWORLD	YOSEMITE	"Travis Scott/ASTROWORLD/Travis Scott_ASTROWORLD_12_YOSEMITE.flac"
"Travis Scott"	ASTROWORLD	"CAN’T SAY"	"Travis Scott/ASTROWORLD/Travis Scott_ASTROWORLD_13_CAN’T SAY.flac"
"Travis Scott"	ASTROWORLD	"BUTTERFLY EFFECT"	"Travis Scott/ASTROWORLD/Travis Scott_ASTROWORLD_15_BUTTERFLY EFFECT.flac"
"Travis Scott"	ASTROWORLD	HOUSTONFORNICATION	"Travis Scott/ASTROWORLD/Travis Scott_ASTROWORLD_16_HOUSTONFORNICATION.flac"
"Travis Scott"	ASTROWORLD	"COFFEE BEAN"	"Travis Scott/ASTROWORLD/Travis Scott_ASTROWORLD_17_COFFEE BEAN.flac"
"Travis Scott"	"Birds in the Trap Sing McKnight"	"the ends"	"Travis Scott/Birds in the Trap Sing McKnight/Travis Scott_Birds in the Trap Sing McKnight_01_the ends.flac"
"Travis Scott"	"Birds in the Trap Sing McKnight"	"through the late night"	"Travis Scott/Birds in the Trap Sing McKnight/Travis Scott_Birds in the Trap Sing McKnight_04_through the late night.flac"
"Travis Scott"	"Birds in the Trap Sing McKnight"	"sweet sweet"	"Travis Scott/Birds in the Trap Sing McKnight/Travis Scott_Birds in the Trap Sing McKnight_07_sweet sweet.flac"
"Travis Scott"	"Birds in the Trap Sing McKnight"	goosebumps	"Travis Scott/Birds in the Trap Sing McKnight/Travis Scott_Birds in the Trap Sing McKnight_09_goosebumps.flac"
"Travis Scott"	"Birds in the Trap Sing McKnight"	"pick up the phone"	"Travis Scott/Birds in the Trap Sing McKnight/Travis Scott_Birds in the Trap Sing McKnight_11_pick up the phone.flac"
"Travis Scott"	"Days Before Rodeo"	"Drugs You Should Try It"	"Travis Scott/Days Before Rodeo (2014)/Travis Scott - Days Before Rodeo - 04 - Drugs You Should Try It.flac"
"Travis Scott"	"Days Before Rodeo"	Backyard	"Travis Scott/Days Before Rodeo (2014)/Travis Scott - Days Before Rodeo - 10 - Backyard.flac"
"Travis Scott"	"HIGHEST IN THE ROOM"	"HIGHEST IN THE ROOM"	"Travis Scott/HIGHEST IN THE ROOM/Travis Scott_HIGHEST IN THE ROOM_01_HIGHEST IN THE ROOM.flac"
"Travis Scott"	Rodeo	Pornography	"Travis Scott/Rodeo/Travis Scott_Rodeo_01_Pornography.flac"
"Travis Scott"	Rodeo	90210	"Travis Scott/Rodeo/Travis Scott_Rodeo_05_90210.flac"
"Travis Scott"	Rodeo	Nightcrawler	"Travis Scott/Rodeo/Travis Scott_Rodeo_07_Nightcrawler.flac"
"Travis Scott"	Rodeo	"Piss on Your Grave"	"Travis Scott/Rodeo/Travis Scott_Rodeo_08_Piss on Your Grave.flac"
"Travis Scott"	Rodeo	Antidote	"Travis Scott/Rodeo/Travis Scott_Rodeo_09_Antidote.flac"
"Travis Scott"	Rodeo	"Maria I’m Drunk"	"Travis Scott/Rodeo/Travis Scott_Rodeo_11_Maria I’m Drunk.flac"
"Travis Scott"	Rodeo	"Apple Pie"	"Travis Scott/Rodeo/Travis Scott_Rodeo_14_Apple Pie.flac"
"Travis Scott"	UTOPIA	HYAENA	"Travis Scott/UTOPIA/Travis Scott_UTOPIA_01-01_HYAENA.flac"
"Travis Scott"	UTOPIA	"TOPIA TWINS"	"Travis Scott/UTOPIA/Travis Scott_UTOPIA_02-01_TOPIA TWINS.flac"
"Travis Scott"	UTOPIA	"THANK GOD"	"Travis Scott/UTOPIA/Travis Scott_UTOPIA_01-02_THANK GOD.flac"
"Travis Scott"	UTOPIA	"CIRCUS MAXIMUS"	"Travis Scott/UTOPIA/Travis Scott_UTOPIA_02-02_CIRCUS MAXIMUS.flac"
"Travis Scott"	UTOPIA	"MODERN JAM"	"Travis Scott/UTOPIA/Travis Scott_UTOPIA_01-03_MODERN JAM.flac"
"Travis Scott"	UTOPIA	"MY EYES"	"Travis Scott/UTOPIA/Travis Scott_UTOPIA_01-04_MY EYES.flac"
"Travis Scott"	UTOPIA	"LOST FOREVER"	"Travis Scott/UTOPIA/Travis Scott_UTOPIA_02-05_LOST FOREVER.flac"
"Travis Scott"	UTOPIA	"K‐POP"	"Travis Scott/UTOPIA/Travis Scott_UTOPIA_02-07_K‐POP.flac"
"Travis Scott"	UTOPIA	MELTDOWN	"Travis Scott/UTOPIA/Travis Scott_UTOPIA_01-07_MELTDOWN.flac"
"Travis Scott"	UTOPIA	FE!N	"Travis Scott/UTOPIA/Travis Scott_UTOPIA_01-08_FE!N.flac"
"Travis Scott"	UTOPIA	TELEKINESIS	"Travis Scott/UTOPIA/Travis Scott_UTOPIA_02-08_TELEKINESIS.flac"
"Travis Scott"	UTOPIA	"TIL FURTHER NOTICE"	"Travis Scott/UTOPIA/Travis Scott_UTOPIA_02-09_TIL FURTHER NOTICE.flac"
"Travis Scott"	UTOPIA	"I KNOW ?"	"Travis Scott/UTOPIA/Travis Scott_UTOPIA_01-10_I KNOW.flac"
"Trippie Redd"	"Spooky Sounds"	"Sun God"	"Trippie Redd/Spooky Sounds/Trippie Redd_Spooky Sounds_01-26_Sun God.flac"
"Trippie Redd"	"Trip at Knight"	"Miss the Rage"	"Trippie Redd/Trip at Knight/Trippie Redd_Trip at Knight_06_Miss the Rage.mp3"
"Trippie Redd"	"Trip at Knight"	"Matt Hardy 999"	"Trippie Redd/Trip at Knight/Trippie Redd_Trip at Knight_09_Matt Hardy 999.mp3"
"Trippie Redd"	"Trip at Knight"	"Space Time"	"Trippie Redd/Trip at Knight/Trippie Redd_Trip at Knight_13_Space Time.mp3"
"Trippie Redd"	"Trip at Knight"	"Space Time"	"Trippie Redd/Trip at Knight/Trippie Redd_Trip at Knight_14_Space Time.flac"
"Tyler, The Creator"	"BEST INTEREST"	"BEST INTEREST"	"Tyler, The Creator/BEST INTEREST/Tyler, The Creator_BEST INTEREST_01_BEST INTEREST.flac"
"Tyler, The Creator"	"CALL ME IF YOU GET LOST"	"SIR BAUDELAIRE"	"Tyler, The Creator/CALL ME IF YOU GET LOST/Tyler, The Creator_CALL ME IF YOU GET LOST_01_SIR BAUDELAIRE.flac"
"Tyler, The Creator"	"CALL ME IF YOU GET LOST"	"HOT WIND BLOWS"	"Tyler, The Creator/CALL ME IF YOU GET LOST/Tyler, The Creator_CALL ME IF YOU GET LOST_06_HOT WIND BLOWS.flac"
"Tyler, The Creator"	CHROMAKOPIA	"St. Chroma"	"Tyler, The Creator/CHROMAKOPIA/Tyler, The Creator_CHROMAKOPIA_01_St. Chroma.flac"
"Tyler, The Creator"	CHROMAKOPIA	"Rah Tah Tah"	"Tyler, The Creator/CHROMAKOPIA/Tyler, The Creator_CHROMAKOPIA_02_Rah Tah Tah.flac"
"Tyler, The Creator"	CHROMAKOPIA	Noid	"Tyler, The Creator/CHROMAKOPIA/Tyler, The Creator_CHROMAKOPIA_03_Noid.flac"
"Tyler, The Creator"	CHROMAKOPIA	"Hey Jane"	"Tyler, The Creator/CHROMAKOPIA/Tyler, The Creator_CHROMAKOPIA_05_Hey Jane.flac"
"Tyler, The Creator"	CHROMAKOPIA	"I Killed You"	"Tyler, The Creator/CHROMAKOPIA/Tyler, The Creator_CHROMAKOPIA_06_I Killed You.flac"
"Tyler, The Creator"	CHROMAKOPIA	"Judge Judy"	"Tyler, The Creator/CHROMAKOPIA/Tyler, The Creator_CHROMAKOPIA_07_Judge Judy.flac"
"Tyler, The Creator"	CHROMAKOPIA	Sticky	"Tyler, The Creator/CHROMAKOPIA/Tyler, The Creator_CHROMAKOPIA_08_Sticky.flac"
"Tyler, The Creator"	CHROMAKOPIA	"Take Your Mask Off"	"Tyler, The Creator/CHROMAKOPIA/Tyler, The Creator_CHROMAKOPIA_09_Take Your Mask Off.flac"
"Tyler, The Creator"	CHROMAKOPIA	"Thought I Was Dead"	"Tyler, The Creator/CHROMAKOPIA/Tyler, The Creator_CHROMAKOPIA_11_Thought I Was Dead.flac"
"Tyler, The Creator"	CHROMAKOPIA	Balloon	"Tyler, The Creator/CHROMAKOPIA/Tyler, The Creator_CHROMAKOPIA_13_Balloon.flac"
"Tyler, The Creator"	CHROMAKOPIA	"I Hope You Find Your Way Home"	"Tyler, The Creator/CHROMAKOPIA/Tyler, The Creator_CHROMAKOPIA_14_I Hope You Find Your Way Home.flac"
"Tyler, The Creator"	"DON’T TAP THE GLASS"	"Big Poe"	"Tyler, The Creator/DON’T TAP THE GLASS/Tyler, The Creator_DON’T TAP THE GLASS_01_Big Poe.flac"
"Tyler, The Creator"	"Flower Boy"	Foreword	"Tyler, The Creator/Flower Boy/Tyler, The Creator_Flower Boy_01_Foreword.flac"
"Tyler, The Creator"	"Flower Boy"	"Where This Flower Blooms"	"Tyler, The Creator/Flower Boy/Tyler, The Creator_Flower Boy_02_Where This Flower Blooms.flac"
"Tyler, The Creator"	"Flower Boy"	"See You Again"	"Tyler, The Creator/Flower Boy/Tyler, The Creator_Flower Boy_04_See You Again.flac"
"Tyler, The Creator"	"Flower Boy"	"Who Dat Boy"	"Tyler, The Creator/Flower Boy/Tyler, The Creator_Flower Boy_05_Who Dat Boy.flac"
"Tyler, The Creator"	"Flower Boy"	Pothole	"Tyler, The Creator/Flower Boy/Tyler, The Creator_Flower Boy_06_Pothole.flac"
"Tyler, The Creator"	"Flower Boy"	"I Ain’t Got Time!"	"Tyler, The Creator/Flower Boy/Tyler, The Creator_Flower Boy_09_I Ain’t Got Time!.flac"
"Tyler, The Creator"	"Flower Boy"	"911 / Mr. Lonely"	"Tyler, The Creator/Flower Boy/Tyler, The Creator_Flower Boy_10_911 + Mr. Lonely.flac"
"Tyler, The Creator"	"Flower Boy"	November	"Tyler, The Creator/Flower Boy/Tyler, The Creator_Flower Boy_12_November.flac"
"Tyler, The Creator"	Goblin	Goblin	"Tyler, The Creator/Goblin/Tyler, The Creator_Goblin_01_Goblin.flac"
"Tyler, The Creator"	Goblin	Yonkers	"Tyler, The Creator/Goblin/Tyler, The Creator_Goblin_02_Yonkers.flac"
"Tyler, The Creator"	Goblin	She	"Tyler, The Creator/Goblin/Tyler, The Creator_Goblin_04_She.flac"
"Tyler, The Creator"	Goblin	Nightmare	"Tyler, The Creator/Goblin/Tyler, The Creator_Goblin_06_Nightmare.flac"
"Tyler, The Creator"	Goblin	"Tron Cat"	"Tyler, The Creator/Goblin/Tyler, The Creator_Goblin_07_Tron Cat.flac"
"Tyler, The Creator"	Goblin	Her	"Tyler, The Creator/Goblin/Tyler, The Creator_Goblin_08_Her.flac"
"Tyler, The Creator"	Goblin	Golden	"Tyler, The Creator/Goblin/Tyler, The Creator_Goblin_15_Golden.flac"
"Tyler, The Creator"	IGOR	"IGOR’S THEME"	"Tyler, The Creator/IGOR/Tyler, The Creator_IGOR_01_IGOR’S THEME.flac"
"Tyler, The Creator"	IGOR	EARFQUAKE	"Tyler, The Creator/IGOR/Tyler, The Creator_IGOR_02_EARFQUAKE.flac"
"Tyler, The Creator"	IGOR	"I THINK"	"Tyler, The Creator/IGOR/Tyler, The Creator_IGOR_03_I THINK.flac"
"Tyler, The Creator"	IGOR	"RUNNING OUT OF TIME"	"Tyler, The Creator/IGOR/Tyler, The Creator_IGOR_05_RUNNING OUT OF TIME.flac"
"Tyler, The Creator"	IGOR	"NEW MAGIC WAND"	"Tyler, The Creator/IGOR/Tyler, The Creator_IGOR_06_NEW MAGIC WAND.flac"
"Tyler, The Creator"	IGOR	"GONE, GONE / THANK YOU"	"Tyler, The Creator/IGOR/Tyler, The Creator_IGOR_10_GONE, GONE + THANK YOU.flac"
"Tyler, The Creator"	IGOR	"I DON’T LOVE YOU ANYMORE"	"Tyler, The Creator/IGOR/Tyler, The Creator_IGOR_11_I DON’T LOVE YOU ANYMORE.flac"
"Tyler, The Creator"	IGOR	"ARE WE STILL FRIENDS?"	"Tyler, The Creator/IGOR/Tyler, The Creator_IGOR_12_ARE WE STILL FRIENDS.flac"
"Tyler, The Creator"	"The OF Tape Vol. 2"	Oldie	"Odd Future/The OF Tape Vol. 2/Odd Future_The OF Tape Vol. 2_18_Oldie.flac"
"Tyler, The Creator"	Wolf	Awkward	"Tyler, The Creator/Wolf/Tyler, The Creator_Wolf_04_Awkward.flac"
"Tyler, The Creator"	Wolf	Colossus	"Tyler, The Creator/Wolf/Tyler, The Creator_Wolf_09_Colossus.flac"
"Tyler, The Creator"	Wolf	PartyIsntOver/Campfire/Bimmer	"Tyler, The Creator/Wolf/Tyler, The Creator_Wolf_10_PartyIsntOver+Campfire+Bimmer.flac"
"Tyler, The Creator"	Wolf	Lone	"Tyler, The Creator/Wolf/Tyler, The Creator_Wolf_18_Lone.flac"
Usher	Confessions	Yeah!	Usher/Confessions/Usher_Confessions_02_Yeah!.flac
Usher	Confessions	Burn	Usher/Confessions/Usher_Confessions_06_Burn.flac
Usher	Confessions	"Follow Me"	"Usher/Confessions/Usher_Confessions_17_Follow Me.flac"
"Vince Staples"	"RAMONA PARK BROKE MY HEART"	"DJ QUIK"	"Vince Staples/RAMONA PARK BROKE MY HEART/Vince Staples_RAMONA PARK BROKE MY HEART_03_DJ QUIK.flac"
"Vince Staples"	"RAMONA PARK BROKE MY HEART"	"WHEN SPARKS FLY"	"Vince Staples/RAMONA PARK BROKE MY HEART/Vince Staples_RAMONA PARK BROKE MY HEART_06_WHEN SPARKS FLY.flac"
"Vince Staples"	"RAMONA PARK BROKE MY HEART"	SLIDE	"Vince Staples/RAMONA PARK BROKE MY HEART/Vince Staples_RAMONA PARK BROKE MY HEART_08_SLIDE.flac"
"Vince Staples"	"Summertime ’06"	"Norf Norf"	"Vince Staples/Summertime ’06/Vince Staples_Summertime ’06_01-03_Norf Norf.flac"
"Westside Gunn"	10	"Shootouts in Soho"	"Westside Gunn/10/Westside Gunn_10_04_Shootouts in Soho.flac"
"Westside Gunn"	"Hitler Wears Hermes 8: Side B"	"Why I do em Like that"	"Westside Gunn/Hitler Wears Hermes 8 - Side B/Westside Gunn_Hitler Wears Hermes 8 - Side B_10_Why I do em Like that.flac"
"Wu‐Tang Clan"	"Enter the Wu‐Tang (36 Chambers)"	"Can It Be All So Simple / Intermission"	"Wu‐Tang Clan/Enter the Wu‐Tang (36 Chambers)/Wu‐Tang Clan_Enter the Wu‐Tang (36 Chambers)_05_Can It Be All So Simple + Intermission.flac"
"Wu‐Tang Clan"	"Enter the Wu‐Tang (36 Chambers)"	C.R.E.A.M.	"Wu‐Tang Clan/Enter the Wu‐Tang (36 Chambers)/Wu‐Tang Clan_Enter the Wu‐Tang (36 Chambers)_08_C.R.E.A.M.flac"
"Wu‐Tang Clan"	"Enter the Wu‐Tang (36 Chambers)"	"Protect Ya Neck"	"Wu‐Tang Clan/Enter the Wu‐Tang (36 Chambers)/Wu‐Tang Clan_Enter the Wu‐Tang (36 Chambers)_10_Protect Ya Neck.flac"
XXXTENTACION	17	"Fuck Love"	"XXXTENTACION/17/XXXTENTACION_17_08_Fuck Love.flac"
XXXTENTACION	"LOOK AT ME: THE ALBUM"	"vice city"	"XXXTENTACION/LOOK AT ME - THE ALBUM/XXXTENTACION_LOOK AT ME - THE ALBUM_01-01_vice city.flac"
XXXTENTACION	"Look at Me!"	"Look at Me!"	"XXXTENTACION/Look at Me!/XXXTENTACION_Look at Me!_01_Look at Me!.flac"
XXXTENTACION	SAD!	SAD!	"XXXTENTACION/SAD! (2018)/XXXTENTACION - SAD! - 01 - SAD!.flac"
Ye	"808s & Heartbreak"	Heartless	"Ye/808s & Heartbreak/Ye_808s & Heartbreak_03_Heartless.flac"
Ye	"808s & Heartbreak"	"Bad News"	"Ye/808s & Heartbreak/Ye_808s & Heartbreak_09_Bad News.flac"
Ye	COUSINS	COUSINS	Ye/COUSINS/Ye_COUSINS_01_COUSINS.flac
Ye	"Dear Donda"	"Only One"	"Ye/Dear Donda (2021)/Ye - Dear Donda - 02 - Only One.flac"
Ye	"Dear Donda"	Roses	"Ye/Dear Donda (2021)/Ye - Dear Donda - 04 - Roses.flac"
Ye	Donda	"Off the Grid"	"Ye/Donda (2021)/Ye - Donda - 04 - Off the Grid.flac"
Ye	Donda	"Keep My Spirit Alive"	"Ye/Donda (2021)/Ye - Donda - 16 - Keep My Spirit Alive.flac"
Ye	Graduation	"Good Morning"	"Ye/Graduation/Ye_Graduation_01_Good Morning.flac"
Ye	Graduation	Champion	Ye/Graduation/Ye_Graduation_02_Champion.flac
Ye	Graduation	Stronger	Ye/Graduation/Ye_Graduation_03_Stronger.flac
Ye	Graduation	"I Wonder"	"Ye/Graduation (2007)/Ye - Graduation - 04 - I Wonder.flac"
Ye	Graduation	"I Wonder"	"Ye/Graduation/Ye_Graduation_04_I Wonder.flac"
Ye	Graduation	"Good Life"	"Ye/Graduation/Ye_Graduation_05_Good Life.flac"
Ye	Graduation	"Can’t Tell Me Nothing"	"Ye/Graduation/Ye_Graduation_06_Can’t Tell Me Nothing.flac"
Ye	Graduation	"Barry Bonds"	"Ye/Graduation/Ye_Graduation_07_Barry Bonds.flac"
Ye	Graduation	"Flashing Lights"	"Ye/Graduation/Ye_Graduation_09_Flashing Lights.flac"
Ye	Graduation	"Everything I Am"	"Ye/Graduation/Ye_Graduation_10_Everything I Am.flac"
Ye	Graduation	"The Glory"	"Ye/Graduation/Ye_Graduation_11_The Glory.flac"
Ye	Graduation	Homecoming	Ye/Graduation/Ye_Graduation_12_Homecoming.flac
Ye	Graduation	"Good Night"	"Ye/Graduation/Ye_Graduation_14_Good Night.flac"
Ye	"Heard ’Em Say"	"Back to Basics"	"Ye/Heard ’Em Say (2005)/Ye - Heard ’Em Say - 03 - Back to Basics.flac"
Ye	"Jesus Is King"	"Follow God"	"Ye/Jesus Is King (2019)/Ye - Jesus Is King - 03 - Follow God.opus"
Ye	"Jesus Is King"	"Closed on Sunday"	"Ye/Jesus Is King (2019)/Ye - Jesus Is King - 04 - Closed on Sunday.opus"
Ye	"LIKE THAT REMIX"	"LIKE THAT REMIX"	"Ye/LIKE THAT REMIX/Ye_LIKE THAT REMIX_01_LIKE THAT REMIX.flac"
Ye	"Late Registration"	"Heard ’Em Say"	"Ye/Late Registration/Ye_Late Registration_02_Heard ’Em Say.flac"
Ye	"Late Registration"	"Touch the Sky"	"Ye/Late Registration/Ye_Late Registration_03_Touch the Sky.flac"
Ye	"Late Registration"	"Gold Digger"	"Ye/Late Registration/Ye_Late Registration_04_Gold Digger.flac"
Ye	"Late Registration"	"Drive Slow"	"Ye/Late Registration/Ye_Late Registration_06_Drive Slow.flac"
Ye	"Late Registration"	"My Way Home"	"Ye/Late Registration/Ye_Late Registration_07_My Way Home.flac"
Ye	"Late Registration"	"Crack Music"	"Ye/Late Registration/Ye_Late Registration_08_Crack Music.flac"
Ye	"Late Registration"	Roses	"Ye/Late Registration/Ye_Late Registration_09_Roses.flac"
Ye	"Late Registration"	"Bring Me Down"	"Ye/Late Registration/Ye_Late Registration_10_Bring Me Down.flac"
Ye	"Late Registration"	Addiction	"Ye/Late Registration/Ye_Late Registration_11_Addiction.flac"
Ye	"Late Registration"	"We Major"	"Ye/Late Registration/Ye_Late Registration_14_We Major.flac"
Ye	"Late Registration"	"Hey Mama"	"Ye/Late Registration/Ye_Late Registration_16_Hey Mama.flac"
Ye	"Late Registration"	Celebration	"Ye/Late Registration/Ye_Late Registration_17_Celebration.flac"
Ye	"Late Registration"	Gone	"Ye/Late Registration/Ye_Late Registration_19_Gone.flac"
Ye	"Late Registration"	"Diamonds From Sierra Leone"	"Ye/Late Registration/Ye_Late Registration_20_Diamonds From Sierra Leone.flac"
Ye	"Late Registration"	Late	"Ye/Late Registration/Ye_Late Registration_21_Late.flac"
Ye	"Mr. West"	"American Boy"	"Ye/Mr. West/Ye_Mr. West_12_American Boy.flac"
Ye	"Mr. West"	"Still Dreaming"	"Ye/Mr. West/Ye_Mr. West_26_Still Dreaming.flac"
Ye	"My Beautiful Dark Twisted Fantasy"	"Dark Fantasy"	"Ye/My Beautiful Dark Twisted Fantasy/Ye_My Beautiful Dark Twisted Fantasy_01_Dark Fantasy.flac"
Ye	"My Beautiful Dark Twisted Fantasy"	Power	"Ye/My Beautiful Dark Twisted Fantasy/Ye_My Beautiful Dark Twisted Fantasy_03_Power.flac"
Ye	"My Beautiful Dark Twisted Fantasy"	"All of the Lights"	"Ye/My Beautiful Dark Twisted Fantasy/Ye_My Beautiful Dark Twisted Fantasy_05_All of the Lights.flac"
Ye	"My Beautiful Dark Twisted Fantasy"	Monster	"Ye/My Beautiful Dark Twisted Fantasy/Ye_My Beautiful Dark Twisted Fantasy_06_Monster.flac"
Ye	"My Beautiful Dark Twisted Fantasy"	"Devil in a New Dress"	"Ye/My Beautiful Dark Twisted Fantasy/Ye_My Beautiful Dark Twisted Fantasy_08_Devil in a New Dress.flac"
Ye	"My Beautiful Dark Twisted Fantasy"	Runaway	"Ye/My Beautiful Dark Twisted Fantasy/Ye_My Beautiful Dark Twisted Fantasy_09_Runaway.flac"
Ye	"My Beautiful Dark Twisted Fantasy"	"Hell of a Life"	"Ye/My Beautiful Dark Twisted Fantasy/Ye_My Beautiful Dark Twisted Fantasy_10_Hell of a Life.flac"
Ye	"My Beautiful Dark Twisted Fantasy"	"Blame Game"	"Ye/My Beautiful Dark Twisted Fantasy/Ye_My Beautiful Dark Twisted Fantasy_11_Blame Game.flac"
Ye	"Thank God for Drugs"	"Hold My Liquor"	"Ye/Thank God for Drugs/Ye_Thank God for Drugs_08_Hold My Liquor.mp3"
Ye	"The College Dropout"	"We Don’t Care"	"Ye/The College Dropout (2004)/CD 01/Ye - The College Dropout - 02 - We Don’t Care.flac"
Ye	"The College Dropout"	"Jesus Walks (remix)"	"Ye/The College Dropout (2004)/CD 03/Ye - The College Dropout - 02 - Jesus Walks (remix).flac"
Ye	"The College Dropout"	"It’s Alright"	"Ye/The College Dropout (2004)/CD 03/Ye - The College Dropout - 03 - It’s Alright.flac"
Ye	"The College Dropout"	"All Falls Down"	"Ye/The College Dropout (2004)/CD 01/Ye - The College Dropout - 04 - All Falls Down.flac"
Ye	"The College Dropout"	"The New Workout Plan (remix)"	"Ye/The College Dropout (2004)/CD 03/Ye - The College Dropout - 04 - The New Workout Plan (remix).flac"
Ye	"The College Dropout"	"I’ll Fly Away"	"Ye/The College Dropout (2004)/CD 01/Ye - The College Dropout - 05 - I’ll Fly Away.flac"
Ye	"The College Dropout"	Spaceship	"Ye/The College Dropout (2004)/CD 01/Ye - The College Dropout - 06 - Spaceship.flac"
Ye	"The College Dropout"	"Jesus Walks"	"Ye/The College Dropout (2004)/CD 01/Ye - The College Dropout - 07 - Jesus Walks.flac"
Ye	"The College Dropout"	"Never Let Me Down"	"Ye/The College Dropout (2004)/CD 01/Ye - The College Dropout - 08 - Never Let Me Down.flac"
Ye	"The College Dropout"	"Get ’Em High"	"Ye/The College Dropout/Ye_The College Dropout_09_Get ’Em High.flac"
Ye	"The College Dropout"	"Workout Plan"	"Ye/The College Dropout (2004)/CD 01/Ye - The College Dropout - 10 - Workout Plan.flac"
Ye	"The College Dropout"	"The New Workout Plan"	"Ye/The College Dropout/Ye_The College Dropout_11_The New Workout Plan.flac"
Ye	"The College Dropout"	"Slow Jamz"	"Ye/The College Dropout/Ye_The College Dropout_12_Slow Jamz.flac"
Ye	"The College Dropout"	"Slow Jamz"	"Ye/The College Dropout (2004)/CD 01/Ye - The College Dropout - 12 - Slow Jamz.flac"
Ye	"The College Dropout"	"Breathe In, Breathe Out"	"Ye/The College Dropout (2004)/CD 01/Ye - The College Dropout - 13 - Breathe In, Breathe Out.flac"
Ye	"The College Dropout"	"Breathe In, Breathe Out"	"Ye/The College Dropout/Ye_The College Dropout_13_Breathe In, Breathe Out.flac"
Ye	"The College Dropout"	"School Spirit"	"Ye/The College Dropout/Ye_The College Dropout_15_School Spirit.flac"
Ye	"The College Dropout"	"Two Words"	"Ye/The College Dropout (2004)/CD 01/Ye - The College Dropout - 18 - Two Words.flac"
Ye	"The College Dropout"	"Two Words"	"Ye/The College Dropout/Ye_The College Dropout_18_Two Words.flac"
Ye	"The College Dropout"	"Through the Wire"	"Ye/The College Dropout (2004)/CD 01/Ye - The College Dropout - 19 - Through the Wire.flac"
Ye	"The College Dropout"	"Through the Wire"	"Ye/The College Dropout/Ye_The College Dropout_19_Through the Wire.flac"
Ye	"The College Dropout"	"Family Business"	"Ye/The College Dropout/Ye_The College Dropout_20_Family Business.flac"
Ye	"The College Dropout"	"Last Call"	"Ye/The College Dropout (2004)/CD 01/Ye - The College Dropout - 21 - Last Call.flac"
Ye	"The College Dropout"	"Last Call"	"Ye/The College Dropout/Ye_The College Dropout_21_Last Call.flac"
Ye	"The Life of Pablo"	"Father Stretch My Hands, Pt. 1"	"Ye/The Life of Pablo (2016)/Ye - The Life of Pablo - 02 - Father Stretch My Hands, Pt. 1.flac"
Ye	"The Life of Pablo"	Feedback	"Ye/The Life of Pablo (2016)/Ye - The Life of Pablo - 05 - Feedback.flac"
Ye	"The Life of Pablo"	Waves	"Ye/The Life of Pablo (2016)/Ye - The Life of Pablo - 10 - Waves.flac"
Ye	"The Life of Pablo"	"Real Friends"	"Ye/The Life of Pablo (2016)/Ye - The Life of Pablo - 12 - Real Friends.flac"
Ye	"The Life of Pablo"	"No More Parties in LA"	"Ye/The Life of Pablo (2016)/Ye - The Life of Pablo - 17 - No More Parties in LA.flac"
Ye	"Unreleased Joints, Volume 1"	"La La La (Kanye West rmx)"	"Ye/Unreleased Joints, Volume 1/Ye_Unreleased Joints, Volume 1_03_La La La (Kanye West rmx).mp3"
Ye	Yeezus	"On Sight"	"Ye/Yeezus/Ye_Yeezus_01_On Sight.flac"
Ye	Yeezus	"Black Skinhead"	"Ye/Yeezus/Ye_Yeezus_02_Black Skinhead.flac"
Ye	Yeezus	"New Slaves"	"Ye/Yeezus/Ye_Yeezus_04_New Slaves.flac"
Ye	Yeezus	"Hold My Liquor"	"Ye/Yeezus/Ye_Yeezus_05_Hold My Liquor.flac"
Ye	Yeezus	"Blood on the Leaves"	"Ye/Yeezus/Ye_Yeezus_07_Blood on the Leaves.m4a"
Ye	Yeezus	"Guilt Trip"	"Ye/Yeezus/Ye_Yeezus_08_Guilt Trip.flac"
Ye	Yeezus	"Bound 2"	"Ye/Yeezus/Ye_Yeezus_10_Bound 2.flac"
Ye	ye	"I Thought About Killing You"	"Ye/ye (2018)/Ye - ye - 01 - I Thought About Killing You.flac"
Ye	ye	Yikes	"Ye/ye (2018)/Ye - ye - 02 - Yikes.flac"
Ye	ye	"All Mine"	"Ye/ye (2018)/Ye - ye - 03 - All Mine.flac"
Ye	ye	"Ghost Town"	"Ye/ye (2018)/Ye - ye - 06 - Ghost Town.flac"
Ye	ye	"Violent Crimes"	"Ye/ye (2018)/Ye - ye - 07 - Violent Crimes.flac"
Yeat	"2 Alivë"	Poppin	"Yeat/2 Alivë/Yeat_2 Alivë_01_Poppin.flac"
Yeat	"2 Alivë"	"Outsidë"	"Yeat/2 Alivë/Yeat_2 Alivë_02_Outsidë.flac"
Yeat	"2 Alivë"	"On tha linë"	"Yeat/2 Alivë/Yeat_2 Alivë_08_On tha linë.flac"
Yeat	2093	Breathe	Yeat/2093/Yeat_2093_03_Breathe.flac
Yeat	2093	"Tell Më"	"Yeat/2093/Yeat_2093_10_Tell Më.flac"
Yeat	2093	"If We Being Real"	"Yeat/2093/Yeat_2093_21_If We Being Real.flac"
Yeat	"Up 2 Më"	"Lët ya know"	"Yeat/Up 2 Më (2021)/Yeat - Up 2 Më - 04 - Lët ya know.flac"
"Young Nudy"	Gumbo	"Peaches & Eggplants"	"Young Nudy/Gumbo/Young Nudy_Gumbo_08_Peaches & Eggplants.flac"
"Young Thug"	"BUSINESS IS BUSINESS"	"Oh U Went"	"Young Thug/BUSINESS IS BUSINESS/Young Thug_BUSINESS IS BUSINESS_09_Oh U Went.flac"
"Young Thug"	"Beautiful Thugger Girls"	"She Wanna Party"	"Young Thug/Beautiful Thugger Girls/Young Thug_Beautiful Thugger Girls_03_She Wanna Party.flac"
"Young Thug"	"No Problem"	"No Problem"	"Young Thug/No Problem (2015)/Young Thug - No Problem - 01 - No Problem.flac"
"Young Thug"	"On the Rvn"	Climax	"Young Thug/On the Rvn/Young Thug_On the Rvn_03_Climax.flac"
"Young Thug"	Punk	"Die Slow"	"Young Thug/Punk/Young Thug_Punk_01_Die Slow.flac"
"Young Thug"	Punk	"Stressed (with J. Cole & T-Shyne)"	"Young Thug/Punk (2021)/Young Thug - Punk - 02 - Stressed.flac"
"Young Thug"	Punk	"Recognize Real"	"Young Thug/Punk/Young Thug_Punk_04_Recognize Real.flac"
"Young Thug"	Punk	"Rich Nigga Shit"	"Young Thug/Punk/Young Thug_Punk_07_Rich Nigga Shit.flac"
"Young Thug"	Punk	Bubbly	"Young Thug/Punk/Young Thug_Punk_12_Bubbly.flac"
"Young Thug"	Punk	"Love You More"	"Young Thug/Punk/Young Thug_Punk_18_Love You More.flac"
"Young Thug"	Punk	"Day Before"	"Young Thug/Punk/Young Thug_Punk_20_Day Before.flac"
"Young Thug"	RIVER	RIVER	"¥$/RIVER (2024)/¥$ - RIVER - 01 - RIVER.flac"
"YoungBoy Never Broke Again"	"AI YoungBoy 2"	"Make No Sense"	"YoungBoy Never Broke Again/AI YoungBoy 2/YoungBoy Never Broke Again_AI YoungBoy 2_06_Make No Sense.flac"
"YoungBoy Never Broke Again"	"AI YoungBoy 2"	"Slime Mentality"	"YoungBoy Never Broke Again/AI YoungBoy 2/YoungBoy Never Broke Again_AI YoungBoy 2_08_Slime Mentality.flac"
"YoungBoy Never Broke Again"	Goals	Goals	"YoungBoy Never Broke Again/Goals (2022)/YoungBoy Never Broke Again - Goals - 01 - Goals.flac"
"YoungBoy Never Broke Again"	"Make No Sense"	"Make No Sense"	"YoungBoy Never Broke Again/Make No Sense (2020)/YoungBoy Never Broke Again - Make No Sense - 01 - Make No Sense.flac"
"YoungBoy Never Broke Again"	"The Continuance"	"Slime Mentality"	"YoungBoy Never Broke Again/The Continuance (2019)/YoungBoy Never Broke Again - The Continuance - 02 - Slime Mentality.flac"
"Youngboy Never Broke Again"	"AI YoungBoy 2"	"Make No Sense"	"YoungBoy Never Broke Again/AI YoungBoy 2 (2019)/YoungBoy Never Broke Again - AI YoungBoy 2 - 06 - Make No Sense.mp3"
"Youngboy Never Broke Again"	"AI YoungBoy 2"	"Rich As Hell"	"YoungBoy Never Broke Again/AI YoungBoy 2 (2019)/YoungBoy Never Broke Again - AI YoungBoy 2 - 07 - Rich as Hell.mp3"
"Youngboy Never Broke Again"	"AI YoungBoy 2"	"Slime Mentality"	"YoungBoy Never Broke Again/AI YoungBoy 2 (2019)/YoungBoy Never Broke Again - AI YoungBoy 2 - 08 - Slime Mentality.mp3"
"Youngboy Never Broke Again"	"AI YoungBoy 2"	"Gang Shit"	"YoungBoy Never Broke Again/AI YoungBoy 2 (2019)/YoungBoy Never Broke Again - AI YoungBoy 2 - 12 - Gang Shit.mp3"
tana	Antisocial	Antisocial	"tana/Antisocial (2021)/tana - Antisocial - 01 - Antisocial.flac"
"twenty one pilots"	Heathens	Heathens	"twenty one pilots/Heathens (2016)/twenty one pilots - Heathens - 01 - Heathens.flac"
"¥$"	"VULTURES 1"	Stars	"¥$/VULTURES 1 (2023)/12 Vinyl 01/¥$ - VULTURES 1 - 01 - Stars.flac"
"¥$"	"VULTURES 1"	Burn	"¥$/VULTURES 1 (2023)/12 Vinyl 02/¥$ - VULTURES 1 - 01 - Burn.flac"
"¥$"	"VULTURES 1"	STARS	"¥$/VULTURES 1/¥$_VULTURES 1_01_STARS.flac"
"¥$"	"VULTURES 1"	"Keys to My Life"	"¥$/VULTURES 1 (2023)/12 Vinyl 01/¥$ - VULTURES 1 - 02 - Keys to My Life.flac"
"¥$"	"VULTURES 1"	"KEYS TO MY LIFE"	"¥$/VULTURES 1/¥$_VULTURES 1_02_KEYS TO MY LIFE.flac"
"¥$"	"VULTURES 1"	Paid	"¥$/VULTURES 1 (2023)/12 Vinyl 01/¥$ - VULTURES 1 - 03 - Paid.flac"
"¥$"	"VULTURES 1"	PAID	"¥$/VULTURES 1/¥$_VULTURES 1_03_PAID.flac"
"¥$"	"VULTURES 1"	Carnival	"¥$/VULTURES 1 (2023)/12 Vinyl 02/¥$ - VULTURES 1 - 04 - Carnival.flac"
"¥$"	"VULTURES 1"	"Back to Me"	"¥$/VULTURES 1 (2023)/12 Vinyl 01/¥$ - VULTURES 1 - 05 - Back to Me.flac"
"¥$"	"VULTURES 1"	"Beg Forgiveness"	"¥$/VULTURES 1 (2023)/12 Vinyl 02/¥$ - VULTURES 1 - 05 - Beg Forgiveness.flac"
"¥$"	"VULTURES 1"	"BACK TO ME"	"¥$/VULTURES 1/¥$_VULTURES 1_05_BACK TO ME.flac"
"¥$"	"VULTURES 1"	Hoodrat	"¥$/VULTURES 1 (2023)/12 Vinyl 01/¥$ - VULTURES 1 - 06 - Hoodrat.flac"
"¥$"	"VULTURES 1"	Problematic	"¥$/VULTURES 1 (2023)/12 Vinyl 02/¥$ - VULTURES 1 - 06 - Problematic.flac"
"¥$"	"VULTURES 1"	"Do It"	"¥$/VULTURES 1 (2023)/12 Vinyl 01/¥$ - VULTURES 1 - 07 - Do It.flac"
"¥$"	"VULTURES 1"	"DO IT"	"¥$/VULTURES 1/¥$_VULTURES 1_07_DO IT.flac"
"¥$"	"VULTURES 1"	BURN	"¥$/VULTURES 1/¥$_VULTURES 1_09_BURN.flac"
"¥$"	"VULTURES 1"	CARNIVAL	"¥$/VULTURES 1/¥$_VULTURES 1_12_CARNIVAL.flac"
"¥$"	"VULTURES 1"	"BEG FORGIVENESS"	"¥$/VULTURES 1/¥$_VULTURES 1_13_BEG FORGIVENESS.flac"
"¥$"	"VULTURES 1"	"GOOD (DON'T DIE)"	"¥$/VULTURES 1/¥$_VULTURES 1_14_GOOD (DON'T DIE).flac"
"¥$"	"VULTURES 1"	KING	"¥$/VULTURES 1/¥$_VULTURES 1_16_KING.flac"
"¥$"	"VULTURES 2"	SLIDE	"¥$/VULTURES 2/¥$_VULTURES 2_01_SLIDE.flac"
"¥$"	"VULTURES 2"	"TIME MOVING SLOW"	"¥$/VULTURES 2/¥$_VULTURES 2_02_TIME MOVING SLOW.flac"
"¥$"	"VULTURES 2"	"FIELD TRIP"	"¥$/VULTURES 2/¥$_VULTURES 2_03_FIELD TRIP.flac"
"¥$"	"VULTURES 2"	FRIED	"¥$/VULTURES 2/¥$_VULTURES 2_04_FRIED.flac"
"¥$"	"VULTURES 2"	RIVER	"¥$/VULTURES 2 (2024)/¥$ - VULTURES 2 - 11 - RIVER.flac"
"¥$"	"VULTURES 2"	"MY SOUL"	"¥$/VULTURES 2/¥$_VULTURES 2_16_MY SOUL.flac"
"¥$, Kanye West, Ty Dolla $ign"	SLIDE	SLIDE	"¥$/SLIDE (2024)/¥$ - SLIDE - 01 - SLIDE.flac"
"¥$; Playboi Carti; Don Toliver; Kodak Black"	"FIELD TRIP"	"FIELD TRIP"	"¥$/FIELD TRIP (2024)/¥$ - FIELD TRIP - 01 - FIELD TRIP.flac"
